Date,Close,High,Low,Open,Volume
2025-05-15 00:00:00,444.25,445.0,443.5,444.75,766
2025-05-15 00:30:00,444.25,444.5,444.0,444.25,947
2025-05-15 01:00:00,445.25,445.5,444.25,444.5,774
2025-05-15 01:30:00,445.5,445.5,444.75,445.25,587
2025-05-15 02:00:00,444.75,445.75,444.75,445.75,378
2025-05-15 02:30:00,445.25,445.25,444.75,445.0,121
2025-05-15 03:00:00,445.0,445.25,445.0,445.25,199
2025-05-15 03:30:00,445.75,445.75,445.0,445.0,454
2025-05-15 04:00:00,445.75,445.75,445.25,445.75,317
2025-05-15 04:30:00,445.5,445.75,445.5,445.75,138
2025-05-15 05:00:00,445.75,446.0,445.5,445.75,236
2025-05-15 05:30:00,445.75,446.0,445.5,445.75,100
2025-05-15 06:00:00,446.5,446.5,445.25,445.75,438
2025-05-15 06:30:00,447.0,447.0,446.0,446.5,584
2025-05-15 07:00:00,446.75,447.25,446.75,447.0,451
2025-05-15 07:30:00,447.25,447.25,446.75,447.0,406
2025-05-15 08:00:00,447.25,447.25,446.5,447.25,686
2025-05-15 08:30:00,446.25,446.75,446.0,446.75,824
2025-05-15 09:00:00,446.5,446.5,446.0,446.25,325
2025-05-15 09:30:00,445.75,446.5,445.75,446.5,876
2025-05-15 10:00:00,445.0,445.5,444.75,445.5,1621
2025-05-15 10:30:00,444.75,445.0,444.75,445.0,539
2025-05-15 11:00:00,444.75,445.0,444.5,444.75,1210
2025-05-15 11:30:00,444.5,445.5,443.75,444.75,1833
2025-05-15 12:00:00,446.75,447.25,444.25,444.5,4499
2025-05-15 12:30:00,448.75,449.0,446.5,446.75,5675
2025-05-15 13:30:00,447.25,450.5,443.5,449.0,36339
2025-05-15 14:00:00,445.75,447.5,445.5,447.25,14112
2025-05-15 14:30:00,445.25,447.0,444.5,445.75,16399
2025-05-15 15:00:00,446.75,447.25,445.25,445.25,12629
2025-05-15 15:30:00,445.5,446.75,445.0,446.5,9272
2025-05-15 16:00:00,447.25,447.5,445.5,445.75,9123
2025-05-15 16:30:00,446.75,448.0,446.5,447.0,10974
2025-05-15 17:00:00,447.25,448.0,446.25,446.75,8816
2025-05-15 17:30:00,448.75,449.0,447.25,447.5,9691
2025-05-15 18:00:00,448.25,449.5,448.0,449.0,18963
2025-05-16 00:00:00,450.0,451.0,448.75,449.0,1740
2025-05-16 00:30:00,450.5,451.0,449.75,449.75,3487
2025-05-16 01:00:00,451.0,451.0,450.5,450.5,569
2025-05-16 01:30:00,450.5,451.0,450.25,451.0,591
2025-05-16 02:00:00,450.5,450.5,450.0,450.25,341
2025-05-16 02:30:00,450.5,450.5,450.25,450.25,112
2025-05-16 03:00:00,450.25,450.25,450.0,450.25,131
2025-05-16 03:30:00,449.5,450.25,449.5,450.0,527
2025-05-16 04:00:00,449.5,449.75,449.0,449.5,753
2025-05-16 04:30:00,449.5,449.75,449.25,449.25,144
2025-05-16 05:00:00,449.75,449.75,449.5,449.5,41
2025-05-16 05:30:00,449.75,450.0,449.75,450.0,220
2025-05-16 06:00:00,449.5,450.0,449.5,449.75,148
2025-05-16 06:30:00,449.25,449.25,449.0,449.25,137
2025-05-16 07:00:00,448.0,449.25,448.0,449.0,15186
2025-05-16 07:30:00,447.0,448.25,447.0,448.0,1198
2025-05-16 08:00:00,447.5,447.75,447.0,447.0,415
2025-05-16 08:30:00,448.25,448.5,447.75,447.75,747
2025-05-16 09:00:00,448.0,448.75,448.0,448.25,720
2025-05-16 09:30:00,448.5,450.0,447.5,447.75,2041
2025-05-16 10:00:00,449.5,449.5,448.5,448.5,800
2025-05-16 10:30:00,449.75,450.0,448.75,449.5,838
2025-05-16 11:00:00,449.0,450.0,449.0,449.75,451
2025-05-16 11:30:00,449.25,449.75,448.25,449.0,976
2025-05-16 12:00:00,449.5,450.25,448.75,449.25,2227
2025-05-16 12:30:00,450.5,450.75,449.25,449.5,3595
2025-05-16 13:30:00,448.75,451.5,447.0,450.25,25114
2025-05-16 14:00:00,445.25,449.75,445.25,449.0,24086
2025-05-16 14:30:00,445.0,446.75,444.5,445.5,11769
2025-05-16 15:00:00,445.0,445.5,444.0,445.25,11771
2025-05-16 15:30:00,446.0,446.75,444.5,445.0,13654
2025-05-16 16:00:00,445.5,447.25,445.25,446.25,7944
2025-05-16 16:30:00,444.75,445.75,444.5,445.5,5453
2025-05-16 17:00:00,444.25,445.0,444.0,444.75,4846
2025-05-16 17:30:00,443.0,444.25,443.0,444.25,10112
2025-05-16 18:00:00,443.0,443.75,442.75,443.0,16459
2025-05-19 00:00:00,444.0,444.5,443.25,443.5,7344
2025-05-19 00:30:00,444.75,445.0,443.75,444.25,609
2025-05-19 01:00:00,444.25,444.75,444.25,444.75,296
2025-05-19 01:30:00,443.5,444.25,443.5,444.0,143
2025-05-19 02:00:00,443.75,444.0,443.5,443.75,390
2025-05-19 02:30:00,445.0,445.0,443.75,443.75,382
2025-05-19 03:00:00,445.25,445.5,444.75,445.0,1156
2025-05-19 03:30:00,445.0,445.5,445.0,445.25,202
2025-05-19 04:00:00,444.75,445.0,444.75,445.0,129
2025-05-19 04:30:00,444.75,445.0,444.5,445.0,66
2025-05-19 05:00:00,444.75,444.75,444.75,444.75,56
2025-05-19 05:30:00,444.5,444.75,444.5,444.75,80
2025-05-19 06:00:00,446.25,446.5,444.5,444.5,1775
2025-05-19 06:30:00,445.5,446.5,445.5,446.0,3887
2025-05-19 07:00:00,446.5,446.5,445.5,445.5,2721
2025-05-19 07:30:00,446.75,447.0,446.25,446.5,2265
2025-05-19 08:00:00,446.5,447.0,445.25,446.75,1422
2025-05-19 08:30:00,447.0,447.0,446.25,446.5,368
2025-05-19 09:00:00,446.25,447.5,446.25,447.0,1920
2025-05-19 09:30:00,446.25,446.75,446.0,446.5,411
2025-05-19 10:00:00,446.75,447.0,446.0,446.5,741
2025-05-19 10:30:00,447.25,447.25,446.25,446.75,533
2025-05-19 11:00:00,446.75,447.5,446.5,447.5,929
2025-05-19 11:30:00,447.75,448.0,447.0,447.0,1429
2025-05-19 12:00:00,447.75,448.0,447.0,447.75,1326
2025-05-19 12:30:00,447.25,448.0,447.25,447.75,604
2025-05-19 13:30:00,445.5,449.25,445.25,447.5,29381
2025-05-19 14:00:00,443.75,445.75,443.0,445.25,20912
2025-05-19 14:30:00,444.5,445.0,443.5,443.75,7449
2025-05-19 15:00:00,445.5,446.5,445.0,446.0,10746
2025-05-19 15:30:00,445.0,445.75,444.75,445.25,7751
2025-05-19 16:00:00,444.75,446.0,444.5,445.0,6786
2025-05-19 16:30:00,444.25,444.75,444.0,444.5,9955
2025-05-19 17:00:00,445.25,445.5,443.75,444.5,9054
2025-05-19 17:30:00,446.75,447.0,444.5,445.25,8449
2025-05-19 18:00:00,447.0,449.75,446.25,446.5,23831
2025-05-20 00:00:00,447.0,448.25,446.75,446.75,541
2025-05-20 00:30:00,446.25,447.25,446.0,447.25,1184
2025-05-20 01:00:00,446.0,446.25,446.0,446.25,291
2025-05-20 01:30:00,446.0,446.25,446.0,446.0,201
2025-05-20 02:00:00,446.0,446.25,445.5,446.25,730
2025-05-20 02:30:00,445.5,446.0,445.25,445.75,1072
2025-05-20 03:00:00,445.25,445.5,445.25,445.5,291
2025-05-20 03:30:00,445.25,445.5,445.25,445.5,115
2025-05-20 04:00:00,445.5,445.5,444.75,445.25,1852
2025-05-20 04:30:00,445.25,445.5,444.75,445.5,584
2025-05-20 05:00:00,445.25,445.5,445.0,445.25,125
2025-05-20 05:30:00,445.5,445.5,445.25,445.25,58
2025-05-20 06:00:00,446.0,446.5,445.5,445.5,592
2025-05-20 06:30:00,446.25,446.25,445.75,445.75,350
2025-05-20 07:00:00,446.5,447.25,446.25,446.25,512
2025-05-20 07:30:00,446.75,447.25,446.5,446.5,263
2025-05-20 08:00:00,447.75,448.75,446.75,447.0,1033
2025-05-20 08:30:00,448.25,449.0,448.0,448.0,1261
2025-05-20 09:00:00,449.75,449.75,448.25,448.5,1556
2025-05-20 09:30:00,451.75,451.75,449.75,449.75,3685
2025-05-20 10:00:00,451.25,451.75,451.0,451.75,1018
2025-05-20 10:30:00,451.75,452.0,451.0,451.25,1323
2025-05-20 11:00:00,452.25,452.5,451.5,452.0,1964
2025-05-20 11:30:00,452.5,453.0,451.0,452.25,3399
2025-05-20 12:00:00,453.75,454.0,452.25,452.5,4350
2025-05-20 12:30:00,453.75,454.5,453.5,453.75,3366
2025-05-20 13:30:00,451.0,454.0,449.25,453.25,52734
2025-05-20 14:00:00,452.5,453.0,450.0,450.75,14834
2025-05-20 14:30:00,451.75,452.5,450.5,452.25,10250
2025-05-20 15:00:00,451.5,452.5,451.0,451.75,9647
2025-05-20 15:30:00,451.75,452.5,451.5,451.75,6812
2025-05-20 16:00:00,452.75,452.75,451.25,451.75,6034
2025-05-20 16:30:00,452.25,452.75,451.0,452.5,5459
2025-05-20 17:00:00,454.0,454.0,452.0,452.25,11134
2025-05-20 17:30:00,454.0,454.5,453.5,454.0,10196
2025-05-20 18:00:00,454.5,455.5,453.75,453.75,17851
2025-05-21 00:00:00,455.5,456.25,454.5,454.5,677
2025-05-21 00:30:00,455.75,456.0,455.25,455.5,255
2025-05-21 01:00:00,455.25,455.75,455.25,455.75,416
2025-05-21 01:30:00,455.75,456.0,455.25,455.25,862
2025-05-21 02:00:00,456.0,456.25,455.5,455.75,871
2025-05-21 02:30:00,455.75,456.25,455.5,456.0,1743
2025-05-21 03:00:00,455.75,455.75,455.5,455.5,88
2025-05-21 03:30:00,455.0,455.5,454.75,455.5,668
2025-05-21 04:00:00,455.0,455.25,455.0,455.0,61
2025-05-21 04:30:00,455.0,455.5,455.0,455.25,25
2025-05-21 05:00:00,455.5,455.75,455.25,455.25,249
2025-05-21 05:30:00,455.5,455.75,455.5,455.5,235
2025-05-21 06:00:00,455.5,455.75,455.5,455.75,61
2025-05-21 06:30:00,456.0,456.75,455.5,455.5,992
2025-05-21 07:00:00,454.5,456.0,453.5,456.0,2246
2025-05-21 07:30:00,454.25,454.75,454.25,454.5,329
2025-05-21 08:00:00,454.75,455.0,454.25,454.25,335
2025-05-21 08:30:00,454.5,455.25,454.25,454.5,863
2025-05-21 09:00:00,454.75,455.25,454.5,454.5,681
2025-05-21 09:30:00,454.75,455.0,454.0,454.75,852
2025-05-21 10:00:00,455.75,455.75,454.75,454.75,845
2025-05-21 10:30:00,454.75,455.75,454.5,455.5,867
2025-05-21 11:00:00,455.25,455.75,454.75,454.75,732
2025-05-21 11:30:00,455.0,455.5,453.5,455.25,4364
2025-05-21 12:00:00,457.0,457.75,454.5,455.0,4270
2025-05-21 12:30:00,457.0,457.25,456.5,457.0,1149
2025-05-21 13:30:00,456.25,458.25,453.5,456.75,32553
2025-05-21 14:00:00,456.0,457.25,454.25,456.0,18384
2025-05-21 14:30:00,458.75,459.0,455.75,456.0,12796
2025-05-21 15:00:00,458.5,459.0,457.5,458.75,6719
2025-05-21 15:30:00,459.5,459.75,458.5,458.75,15204
2025-05-21 16:00:00,460.75,461.5,459.25,459.5,12573
2025-05-21 16:30:00,461.0,461.25,460.25,460.75,6967
2025-05-21 17:00:00,461.25,462.0,460.5,461.25,12184
2025-05-21 17:30:00,459.75,461.75,459.5,461.25,13245
2025-05-21 18:00:00,460.0,461.25,459.5,459.75,18153
2025-05-22 00:00:00,461.25,462.0,459.25,459.25,3486
2025-05-22 00:30:00,459.0,461.5,458.5,461.0,2464
2025-05-22 01:00:00,459.25,459.5,458.75,459.0,380
2025-05-22 01:30:00,458.75,459.25,458.25,459.25,996
2025-05-22 02:00:00,458.75,458.75,458.25,458.5,348
2025-05-22 02:30:00,458.5,459.0,458.25,458.5,1323
2025-05-22 03:00:00,458.25,458.75,458.25,458.5,651
2025-05-22 03:30:00,458.25,458.75,458.25,458.25,193
2025-05-22 04:00:00,458.5,458.5,458.25,458.25,295
2025-05-22 04:30:00,458.5,458.75,458.5,458.5,390
2025-05-22 05:00:00,458.75,458.75,458.5,458.5,15
2025-05-22 05:30:00,459.0,459.25,458.5,458.5,224
2025-05-22 06:00:00,458.5,459.0,458.5,459.0,252
2025-05-22 06:30:00,459.0,459.0,458.25,458.5,319
2025-05-22 07:00:00,458.75,459.0,458.5,459.0,517
2025-05-22 07:30:00,459.0,459.25,458.5,458.5,444
2025-05-22 08:00:00,458.75,459.25,458.5,459.25,861
2025-05-22 08:30:00,458.25,458.75,458.25,458.75,695
2025-05-22 09:00:00,458.25,458.5,458.25,458.25,320
2025-05-22 09:30:00,458.25,458.5,458.0,458.25,736
2025-05-22 10:00:00,458.25,458.5,458.0,458.5,525
2025-05-22 10:30:00,458.0,458.25,457.5,458.25,992
2025-05-22 11:00:00,458.0,458.25,457.75,457.75,386
2025-05-22 11:30:00,461.0,461.5,458.0,458.0,4267
2025-05-22 12:00:00,461.5,462.0,460.75,461.0,5471
2025-05-22 12:30:00,461.0,461.75,461.0,461.5,1041
2025-05-22 13:30:00,461.25,463.5,456.5,461.0,40703
2025-05-22 14:00:00,463.0,463.5,460.5,461.25,20014
2025-05-22 14:30:00,462.75,464.0,460.25,463.0,14057
2025-05-22 15:00:00,463.75,464.75,462.25,462.75,13012
2025-05-22 15:30:00,463.25,464.0,462.25,463.5,7780
2025-05-22 16:00:00,463.5,464.5,462.5,463.25,11683
2025-05-22 16:30:00,461.5,463.75,461.0,463.5,9723
2025-05-22 17:00:00,462.5,463.0,461.25,461.75,5005
2025-05-22 17:30:00,462.25,463.0,462.0,462.5,6791
2025-05-22 18:00:00,462.75,463.25,462.0,462.25,17809
2025-05-23 00:00:00,463.75,464.25,462.5,462.75,697
2025-05-23 00:30:00,463.75,464.0,463.5,463.75,305
2025-05-23 01:00:00,463.75,463.75,463.5,463.5,561
2025-05-23 01:30:00,464.0,464.25,463.75,463.75,616
2025-05-23 02:00:00,463.5,464.0,463.5,463.75,208
2025-05-23 02:30:00,463.5,463.5,463.0,463.25,371
2025-05-23 03:00:00,463.25,463.5,463.25,463.5,121
2025-05-23 03:30:00,463.0,463.25,463.0,463.0,30
2025-05-23 04:00:00,463.5,463.5,463.0,463.25,106
2025-05-23 04:30:00,463.5,463.75,463.5,463.5,183
2025-05-23 05:00:00,464.25,464.25,463.5,463.5,96
2025-05-23 05:30:00,464.25,464.25,464.0,464.0,363
2025-05-23 06:00:00,463.75,464.25,463.75,464.0,746
2025-05-23 06:30:00,464.0,464.25,463.75,463.75,254
2025-05-23 07:00:00,464.0,464.25,463.75,463.75,193
2025-05-23 07:30:00,464.5,464.5,463.75,464.0,378
2025-05-23 08:00:00,463.5,464.5,463.5,464.25,295
2025-05-23 08:30:00,462.75,463.75,462.5,463.75,514
2025-05-23 09:00:00,462.25,463.25,461.75,462.75,807
2025-05-23 09:30:00,462.25,462.25,462.0,462.0,258
2025-05-23 10:00:00,462.5,462.75,462.0,462.25,1515
2025-05-23 10:30:00,462.25,462.5,461.25,462.25,2123
2025-05-23 11:00:00,462.5,462.75,462.25,462.5,1210
2025-05-23 11:30:00,461.5,464.0,461.25,462.5,4147
2025-05-23 12:00:00,459.25,461.75,459.0,461.75,9534
2025-05-23 12:30:00,459.5,460.0,458.75,459.5,2492
2025-05-23 13:30:00,457.25,459.75,457.25,459.5,34272
2025-05-23 14:00:00,456.25,458.0,456.0,457.25,13220
2025-05-23 14:30:00,456.0,456.75,455.0,456.25,13990
2025-05-23 15:00:00,458.75,458.75,456.0,456.0,9196
2025-05-23 15:30:00,459.75,460.25,458.5,458.75,11185
2025-05-23 16:00:00,458.75,460.5,458.5,459.75,6435
2025-05-23 16:30:00,458.75,460.25,458.75,459.0,6563
2025-05-23 17:00:00,459.5,460.0,458.75,458.75,3158
2025-05-23 17:30:00,459.25,460.0,459.0,459.5,5121
2025-05-23 18:00:00,459.0,459.75,458.5,459.25,17937
2025-05-27 00:00:00,459.5,460.5,458.25,459.0,2820
2025-05-27 00:30:00,460.5,460.75,459.75,459.75,832
2025-05-27 01:00:00,459.75,460.5,459.75,460.5,450
2025-05-27 01:30:00,459.75,460.25,459.5,460.0,310
2025-05-27 02:00:00,459.25,459.75,459.25,459.75,361
2025-05-27 02:30:00,459.25,459.5,459.25,459.5,51
2025-05-27 03:00:00,460.0,460.0,459.25,459.25,42
2025-05-27 03:30:00,459.75,460.0,459.75,460.0,147
2025-05-27 04:00:00,459.75,459.75,459.75,459.75,6
2025-05-27 04:30:00,459.75,459.75,459.75,459.75,10
2025-05-27 05:00:00,459.25,459.5,459.25,459.5,199
2025-05-27 05:30:00,459.25,459.25,459.25,459.25,272
2025-05-27 06:00:00,460.0,460.0,459.5,459.5,621
2025-05-27 06:30:00,458.75,460.0,458.5,460.0,670
2025-05-27 07:00:00,459.25,459.25,458.5,458.75,569
2025-05-27 07:30:00,458.5,459.0,458.25,459.0,1056
2025-05-27 08:00:00,458.25,459.0,458.25,458.5,390
2025-05-27 08:30:00,458.5,458.75,458.25,458.25,688
2025-05-27 09:00:00,458.75,460.0,458.5,458.5,1632
2025-05-27 09:30:00,458.5,459.25,458.0,458.75,529
2025-05-27 10:00:00,457.0,458.25,457.0,458.25,926
2025-05-27 10:30:00,456.75,457.0,456.5,457.0,1232
2025-05-27 11:00:00,456.25,457.0,456.0,456.75,692
2025-05-27 11:30:00,458.0,458.25,456.5,456.5,1263
2025-05-27 12:00:00,458.5,458.75,457.5,458.0,995
2025-05-27 12:30:00,458.75,460.0,458.25,458.5,2100
2025-05-27 13:30:00,461.75,462.25,457.75,458.5,31157
2025-05-27 14:00:00,459.5,463.0,459.0,461.75,14288
2025-05-27 14:30:00,459.0,459.75,457.75,459.5,8816
2025-05-27 15:00:00,459.5,460.0,458.0,459.0,7309
2025-05-27 15:30:00,459.5,460.0,459.0,459.5,5205
2025-05-27 16:00:00,458.5,459.75,457.5,459.5,7684
2025-05-27 16:30:00,458.75,459.25,458.0,458.25,4528
2025-05-27 17:00:00,457.25,459.25,457.25,458.5,5273
2025-05-27 17:30:00,458.25,458.75,457.25,457.5,6640
2025-05-27 18:00:00,458.25,459.75,458.0,458.0,21583
2025-05-28 00:00:00,460.25,461.25,459.25,459.5,504
2025-05-28 00:30:00,460.5,460.75,460.25,460.25,632
2025-05-28 01:00:00,460.25,460.5,460.25,460.5,134
2025-05-28 01:30:00,460.25,460.25,460.0,460.25,69
2025-05-28 02:00:00,460.5,460.5,460.0,460.25,79
2025-05-28 02:30:00,461.25,461.25,460.5,460.5,594
2025-05-28 03:00:00,460.75,461.25,460.75,461.25,81
2025-05-28 03:30:00,461.25,461.25,460.75,460.75,191
2025-05-28 04:00:00,461.25,461.75,461.0,461.25,572
2025-05-28 04:30:00,461.0,461.5,461.0,461.25,57
2025-05-28 05:00:00,461.25,461.5,461.0,461.0,52
2025-05-28 05:30:00,460.75,461.25,460.75,461.25,245
2025-05-28 06:00:00,460.75,461.0,460.75,460.75,130
2025-05-28 06:30:00,461.25,461.25,460.75,461.0,877
2025-05-28 07:00:00,462.0,462.0,461.25,461.25,594
2025-05-28 07:30:00,461.5,462.0,461.25,462.0,981
2025-05-28 08:00:00,461.75,462.0,461.25,461.75,509
2025-05-28 08:30:00,462.5,462.5,461.25,461.5,714
2025-05-28 09:00:00,462.5,462.5,462.25,462.25,472
2025-05-28 09:30:00,462.75,463.0,462.25,462.25,3347
2025-05-28 10:00:00,462.25,462.75,461.75,462.75,716
2025-05-28 10:30:00,461.5,462.5,461.25,462.25,301
2025-05-28 11:00:00,461.5,461.75,461.25,461.5,311
2025-05-28 11:30:00,461.0,461.75,460.75,461.5,1014
2025-05-28 12:00:00,460.5,461.5,460.5,460.75,1207
2025-05-28 12:30:00,459.5,460.75,459.25,460.75,1464
2025-05-28 13:30:00,457.75,459.75,455.25,459.5,32845
2025-05-28 14:00:00,455.75,459.0,455.25,457.75,18302
2025-05-28 14:30:00,454.25,456.0,453.75,455.75,18632
2025-05-28 15:00:00,455.0,455.0,452.75,454.25,11028
2025-05-28 15:30:00,453.75,455.0,453.25,454.75,8298
2025-05-28 16:00:00,450.5,454.0,450.0,454.0,19483
2025-05-28 16:30:00,450.75,452.5,450.5,450.75,8925
2025-05-28 17:00:00,451.5,452.0,450.5,450.75,7425
2025-05-28 17:30:00,450.75,451.5,450.0,451.5,6913
2025-05-28 18:00:00,450.75,451.75,450.0,450.75,18803
2025-05-29 00:00:00,451.25,453.0,450.75,452.25,3451
2025-05-29 00:30:00,451.25,451.5,451.0,451.25,510
2025-05-29 01:00:00,450.75,451.25,450.75,451.0,140
2025-05-29 01:30:00,451.0,451.0,450.5,450.75,113
2025-05-29 02:00:00,450.5,451.0,450.5,451.0,184
2025-05-29 02:30:00,450.75,450.75,450.5,450.5,81
2025-05-29 03:00:00,450.75,451.0,450.25,450.5,177
2025-05-29 03:30:00,450.5,451.25,450.5,451.0,210
2025-05-29 04:00:00,450.5,450.75,450.5,450.75,12
2025-05-29 04:30:00,450.75,450.75,450.5,450.75,398
2025-05-29 05:00:00,450.75,450.75,450.5,450.75,134
2025-05-29 05:30:00,450.5,450.75,450.5,450.5,41
2025-05-29 06:00:00,450.75,451.0,450.5,450.5,491
2025-05-29 06:30:00,451.0,451.0,450.5,450.75,36
2025-05-29 07:00:00,450.25,451.0,450.25,450.75,567
2025-05-29 07:30:00,451.0,451.0,450.0,450.25,980
2025-05-29 08:00:00,450.0,451.0,450.0,451.0,463
2025-05-29 08:30:00,449.25,450.5,449.25,450.25,1345
2025-05-29 09:00:00,448.75,449.5,448.25,449.5,1734
2025-05-29 09:30:00,447.5,448.75,447.5,448.75,2375
2025-05-29 10:00:00,447.75,447.75,447.25,447.5,783
2025-05-29 10:30:00,447.25,447.75,447.25,447.5,1088
2025-05-29 11:00:00,446.5,447.5,446.25,447.0,4001
2025-05-29 11:30:00,446.75,447.0,446.0,446.5,1908
2025-05-29 12:00:00,447.0,447.5,446.0,446.5,2031
2025-05-29 12:30:00,446.75,447.0,446.25,447.0,1384
2025-05-29 13:30:00,444.25,448.0,444.0,446.75,37226
2025-05-29 14:00:00,447.75,448.25,443.5,444.0,18164
2025-05-29 14:30:00,446.5,448.75,446.5,447.75,12094
2025-05-29 15:00:00,445.75,446.75,445.5,446.5,8628
2025-05-29 15:30:00,445.25,447.0,444.75,446.0,6109
2025-05-29 16:00:00,445.75,445.75,444.5,445.5,6381
2025-05-29 16:30:00,445.75,446.0,445.0,445.5,4578
2025-05-29 17:00:00,445.25,446.5,445.0,445.75,4523
2025-05-29 17:30:00,446.25,446.5,445.0,445.0,5501
2025-05-29 18:00:00,447.0,447.5,446.0,446.0,13842
2025-05-30 00:00:00,447.75,447.75,446.25,447.0,434
2025-05-30 00:30:00,447.5,447.75,447.25,447.75,210
2025-05-30 01:00:00,447.75,447.75,447.5,447.5,347
2025-05-30 01:30:00,447.75,448.0,447.5,447.75,190
2025-05-30 02:00:00,448.0,448.0,447.5,447.75,689
2025-05-30 02:30:00,447.5,448.0,447.5,448.0,131
2025-05-30 03:00:00,447.5,447.75,447.25,447.5,45
2025-05-30 03:30:00,447.5,447.5,447.25,447.5,29
2025-05-30 04:00:00,447.75,447.75,447.5,447.5,101
2025-05-30 04:30:00,447.75,447.75,447.5,447.75,12
2025-05-30 05:00:00,447.5,447.75,447.5,447.75,53
2025-05-30 05:30:00,447.75,448.0,447.5,447.5,163
2025-05-30 06:00:00,448.5,448.5,448.0,448.0,4346
2025-05-30 06:30:00,448.5,448.5,448.0,448.5,452
2025-05-30 07:00:00,448.75,448.75,448.25,448.5,226
2025-05-30 07:30:00,448.5,449.0,448.5,448.75,369
2025-05-30 08:00:00,448.75,449.25,448.5,448.5,1618
2025-05-30 08:30:00,448.75,449.25,448.5,448.75,510
2025-05-30 09:00:00,449.25,449.5,449.0,449.0,1053
2025-05-30 09:30:00,448.75,449.0,448.5,449.0,579
2025-05-30 10:00:00,448.25,449.25,448.0,448.75,805
2025-05-30 10:30:00,448.25,448.75,448.0,448.25,982
2025-05-30 11:00:00,448.0,448.75,448.0,448.25,1098
2025-05-30 11:30:00,447.25,448.0,446.75,448.0,1542
2025-05-30 12:00:00,446.5,447.5,446.0,447.25,1600
2025-05-30 12:30:00,447.75,447.75,446.25,446.75,1357
2025-05-30 13:30:00,447.0,447.75,445.25,447.25,23661
2025-05-30 14:00:00,446.75,449.5,446.5,446.75,10574
2025-05-30 14:30:00,446.75,447.75,446.25,446.75,7078
2025-05-30 15:00:00,446.25,447.75,446.0,446.75,5513
2025-05-30 15:30:00,445.75,446.25,444.75,446.25,9389
2025-05-30 16:00:00,445.0,446.0,444.75,445.75,5786
2025-05-30 16:30:00,444.0,445.75,443.75,445.25,11413
2025-05-30 17:00:00,444.0,445.0,443.75,444.25,4247
2025-05-30 17:30:00,444.25,445.0,443.75,444.0,6882
2025-05-30 18:00:00,443.5,444.5,443.0,444.0,19826
2025-06-02 00:00:00,438.5,444.75,438.0,444.0,2526
2025-06-02 00:30:00,444.25,444.75,438.5,444.5,1897
2025-06-02 01:00:00,444.75,444.75,438.25,438.5,1841
2025-06-02 01:30:00,444.5,444.75,438.25,444.75,2099
2025-06-02 02:00:00,444.25,444.5,438.0,438.25,3646
2025-06-02 02:30:00,438.0,444.5,438.0,444.25,1821
2025-06-02 03:00:00,443.75,444.25,438.0,444.25,3620
2025-06-02 03:30:00,437.5,443.5,437.5,443.5,256
2025-06-02 04:00:00,443.75,443.75,437.25,443.25,3135
2025-06-02 04:30:00,444.0,444.0,437.5,443.5,259
2025-06-02 05:00:00,444.0,444.0,437.75,443.75,513
2025-06-02 05:30:00,443.5,444.0,437.25,437.75,1848
2025-06-02 06:00:00,443.75,443.75,437.25,443.5,424
2025-06-02 06:30:00,444.5,444.75,437.5,443.75,514
2025-06-02 07:00:00,444.75,444.75,437.75,444.5,4851
2025-06-02 07:30:00,444.5,444.75,437.75,437.75,3307
2025-06-02 08:00:00,444.5,445.0,437.5,444.5,3645
2025-06-02 08:30:00,443.75,444.5,437.25,444.25,3739
2025-06-02 09:00:00,437.5,444.0,437.0,443.75,7521
2025-06-02 09:30:00,437.5,444.0,437.0,437.25,3905
2025-06-02 10:00:00,444.0,444.0,437.0,443.75,3977
2025-06-02 10:30:00,446.25,446.25,437.5,444.0,9732
2025-06-02 11:00:00,446.5,446.75,438.5,446.0,10870
2025-06-02 11:30:00,445.5,447.0,438.0,446.5,5929
2025-06-02 12:00:00,439.25,446.75,438.25,438.25,5348
2025-06-02 12:30:00,439.5,447.25,439.25,439.25,5027
2025-06-02 13:30:00,440.25,451.0,439.5,439.75,31819
2025-06-02 14:00:00,448.0,448.5,439.0,448.5,32469
2025-06-02 14:30:00,449.25,449.75,440.0,447.75,63851
2025-06-02 15:00:00,444.75,449.25,439.0,449.25,47609
2025-06-02 15:30:00,444.5,444.75,438.5,439.5,39372
2025-06-02 16:00:00,441.25,444.75,437.5,444.5,20185
2025-06-02 16:30:00,437.75,441.75,437.25,441.25,6907
2025-06-02 17:00:00,437.5,441.5,437.25,441.0,108503
2025-06-02 17:30:00,440.5,441.5,437.0,441.25,115785
2025-06-02 18:00:00,438.25,440.5,435.25,437.25,87068
2025-06-03 00:00:00,435.5,439.0,435.0,436.0,11236
2025-06-03 00:30:00,436.0,436.25,435.25,435.75,9702
2025-06-03 01:00:00,435.5,436.0,435.0,436.0,9712
2025-06-03 01:30:00,435.5,435.75,435.0,435.75,19481
2025-06-03 02:00:00,435.5,435.75,435.0,435.5,459
2025-06-03 02:30:00,435.25,435.75,434.75,435.5,2955
2025-06-03 03:00:00,435.5,436.0,435.0,435.25,11767
2025-06-03 03:30:00,435.25,435.75,435.25,435.5,11482
2025-06-03 04:00:00,435.25,435.5,435.25,435.5,10847
2025-06-03 04:30:00,435.5,435.5,435.0,435.5,275
2025-06-03 05:00:00,435.25,435.5,435.0,435.25,70
2025-06-03 05:30:00,434.75,435.5,434.75,435.25,1392
2025-06-03 06:00:00,434.5,435.0,434.25,434.75,2281
2025-06-03 06:30:00,435.0,435.5,434.25,434.25,931
2025-06-03 07:00:00,434.5,434.75,434.5,434.75,1890
2025-06-03 07:30:00,434.5,435.0,434.25,434.5,2834
2025-06-03 08:00:00,435.0,435.25,434.5,434.75,1338
2025-06-03 08:30:00,435.25,435.5,434.75,435.0,1040
2025-06-03 09:00:00,437.0,437.0,434.75,435.25,20437
2025-06-03 09:30:00,437.0,437.0,436.0,437.0,20252
2025-06-03 10:00:00,438.0,438.0,436.0,437.0,1649
2025-06-03 10:30:00,437.75,438.5,436.25,438.0,2434
2025-06-03 11:00:00,438.75,439.5,436.5,438.0,23430
2025-06-03 11:30:00,439.25,439.75,436.25,438.75,70942
2025-06-03 12:00:00,440.75,441.0,437.25,439.5,4273
2025-06-03 12:30:00,442.0,442.0,437.75,440.75,27049
2025-06-03 13:30:00,436.5,442.0,436.25,441.75,40613
2025-06-03 14:00:00,441.5,441.5,436.5,437.25,99862
2025-06-03 14:30:00,440.75,442.5,438.5,440.0,117767
2025-06-03 15:00:00,440.0,441.5,438.25,440.75,66885
2025-06-03 15:30:00,439.0,440.25,438.0,440.0,74919
2025-06-03 16:00:00,439.0,440.0,438.0,438.5,144610
2025-06-03 16:30:00,438.25,439.25,437.75,439.0,81260
2025-06-03 17:00:00,438.5,439.5,437.25,438.5,82678
2025-06-03 17:30:00,438.75,439.5,438.0,439.0,244067
2025-06-03 18:00:00,438.25,439.0,437.75,439.0,95868
2025-06-04 00:00:00,438.5,439.0,438.0,438.5,309
2025-06-04 00:30:00,438.5,439.25,438.25,438.5,2353
2025-06-04 01:00:00,439.0,439.25,438.25,439.25,4382
2025-06-04 01:30:00,438.5,439.25,438.25,438.25,2621
2025-06-04 02:00:00,439.5,439.5,438.25,438.25,2545
2025-06-04 02:30:00,438.75,439.5,438.5,438.75,4928
2025-06-04 03:00:00,439.0,439.5,438.75,438.75,2560
2025-06-04 03:30:00,438.75,439.5,438.75,439.5,93
2025-06-04 04:00:00,440.0,440.0,439.0,439.5,414
2025-06-04 04:30:00,439.75,439.75,439.25,439.5,27
2025-06-04 05:00:00,439.0,439.25,439.0,439.0,3019
2025-06-04 05:30:00,439.25,439.75,439.0,439.0,88
2025-06-04 06:00:00,438.75,440.0,438.5,439.25,4908
2025-06-04 06:30:00,439.0,439.5,438.75,438.75,4194
2025-06-04 07:00:00,440.0,440.5,438.75,439.25,4893
2025-06-04 07:30:00,440.25,440.5,439.75,440.5,10296
2025-06-04 08:00:00,441.0,441.0,440.0,440.25,4787
2025-06-04 08:30:00,441.5,441.5,440.5,440.5,9211
2025-06-04 09:00:00,440.75,441.75,440.75,440.75,14197
2025-06-04 09:30:00,441.5,441.75,440.5,440.75,644
2025-06-04 10:00:00,440.75,441.5,440.75,441.5,5325
2025-06-04 10:30:00,441.75,441.75,440.75,440.75,5914
2025-06-04 11:00:00,442.0,442.25,441.25,441.5,813
2025-06-04 11:30:00,444.5,445.0,441.75,442.0,7348
2025-06-04 12:00:00,444.25,444.75,442.75,443.25,14242
2025-06-04 12:30:00,443.5,444.25,442.75,443.5,8997
2025-06-04 13:30:00,443.25,446.0,442.5,444.0,58745
2025-06-04 14:00:00,441.75,444.25,440.75,443.0,60951
2025-06-04 14:30:00,440.75,442.75,440.0,442.0,38337
2025-06-04 15:00:00,440.25,441.0,439.0,440.75,44002
2025-06-04 15:30:00,443.0,443.0,440.5,440.5,44156
2025-06-04 16:00:00,443.75,444.25,442.5,443.0,5912
2025-06-04 16:30:00,442.75,445.0,442.25,443.75,51517
2025-06-04 17:00:00,443.75,444.75,440.75,444.5,59708
2025-06-04 17:30:00,443.0,444.25,438.25,444.0,69468
2025-06-04 18:00:00,438.0,444.25,437.5,443.25,133109
2025-06-05 00:00:00,439.75,444.5,438.25,438.5,721
2025-06-05 00:30:00,439.75,444.5,439.5,439.5,1035
2025-06-05 01:00:00,440.25,444.75,439.75,440.0,889
2025-06-05 01:30:00,440.5,445.0,440.0,440.5,1976
2025-06-05 02:00:00,444.5,444.5,440.0,440.5,1709
2025-06-05 02:30:00,440.25,444.75,440.0,444.25,3613
2025-06-05 03:00:00,440.5,444.75,440.0,440.25,2183
2025-06-05 03:30:00,440.25,444.5,440.0,440.25,2653
2025-06-05 04:00:00,444.5,444.75,440.0,440.25,2688
2025-06-05 04:30:00,440.0,444.75,439.75,444.5,5966
2025-06-05 05:00:00,440.25,444.75,440.0,440.0,3129
2025-06-05 05:30:00,440.0,445.0,439.75,440.0,6249
2025-06-05 06:00:00,440.0,445.0,439.5,440.0,6012
2025-06-05 06:30:00,439.75,445.0,439.5,439.75,1571
2025-06-05 07:00:00,442.0,446.5,439.75,439.75,1912
2025-06-05 07:30:00,441.5,446.25,441.25,446.0,9066
2025-06-05 08:00:00,441.0,445.75,441.0,445.75,5003
2025-06-05 08:30:00,441.5,445.5,440.75,441.0,5243
2025-06-05 09:00:00,445.0,445.75,440.5,441.5,900
2025-06-05 09:30:00,441.25,446.0,441.0,445.5,12464
2025-06-05 10:00:00,441.0,445.75,440.75,441.25,12046
2025-06-05 10:30:00,446.75,446.75,441.0,441.25,933
2025-06-05 11:00:00,441.75,446.75,441.5,442.0,11409
2025-06-05 11:30:00,442.0,446.5,441.75,446.0,7737
2025-06-05 12:00:00,441.5,446.0,440.25,442.0,8923
2025-06-05 12:30:00,441.75,445.75,440.5,441.5,2389
2025-06-05 13:30:00,443.75,446.75,435.0,445.0,49487
2025-06-05 14:00:00,436.5,446.0,433.25,435.5,101001
2025-06-05 14:30:00,439.25,447.75,435.25,436.5,22255
2025-06-05 15:00:00,438.75,447.75,437.25,439.25,47064
2025-06-05 15:30:00,438.75,447.5,437.5,438.75,8898
2025-06-05 16:00:00,447.5,449.0,438.5,438.5,94781
2025-06-05 16:30:00,447.25,447.75,437.75,439.5,51424
2025-06-05 17:00:00,439.5,448.5,438.25,447.0,153435
2025-06-05 17:30:00,448.25,448.25,438.25,448.25,5608
2025-06-05 18:00:00,447.25,449.0,438.0,448.0,65636
2025-06-06 00:00:00,441.25,450.0,438.25,447.0,3177
2025-06-06 00:30:00,450.0,450.5,440.75,450.0,2589
2025-06-06 01:00:00,450.0,450.25,441.25,450.0,1458
2025-06-06 01:30:00,450.0,450.0,441.0,441.25,2565
2025-06-06 02:00:00,449.75,450.0,441.0,441.25,2253
2025-06-06 02:30:00,441.5,450.0,441.25,449.75,319
2025-06-06 03:00:00,441.5,450.0,441.25,441.5,868
2025-06-06 03:30:00,441.5,450.0,441.25,441.5,727
2025-06-06 04:00:00,441.5,450.0,441.25,441.5,55
2025-06-06 04:30:00,441.25,441.5,441.25,441.25,265
2025-06-06 05:00:00,441.25,441.5,441.25,441.5,26
2025-06-06 05:30:00,440.75,449.75,440.75,441.25,448
2025-06-06 06:00:00,441.0,450.0,440.75,449.5,1075
2025-06-06 06:30:00,440.5,449.75,440.25,441.0,977
2025-06-06 07:00:00,439.75,449.25,439.75,440.5,1235
2025-06-06 07:30:00,447.25,449.0,438.0,448.75,1605
2025-06-06 08:00:00,437.5,447.5,437.25,438.0,1089
2025-06-06 08:30:00,445.5,447.0,436.25,437.5,3080
2025-06-06 09:00:00,436.5,446.0,436.25,436.5,1798
2025-06-06 09:30:00,436.75,446.25,436.25,446.25,1447
2025-06-06 10:00:00,446.25,446.5,436.25,446.25,1234
2025-06-06 10:30:00,436.25,446.5,436.0,446.25,1896
2025-06-06 11:00:00,445.75,446.5,436.0,446.0,2662
2025-06-06 11:30:00,446.75,447.0,435.75,445.75,7387
2025-06-06 12:00:00,437.5,447.0,436.25,446.75,5618
2025-06-06 12:30:00,447.0,447.0,436.25,437.25,1260
2025-06-06 13:30:00,435.75,447.5,435.0,437.75,24421
2025-06-06 14:00:00,441.0,446.75,435.25,435.5,25759
2025-06-06 14:30:00,440.25,446.5,439.0,440.75,14785
2025-06-06 15:00:00,443.5,447.5,439.75,440.0,40214
2025-06-06 15:30:00,447.5,447.5,442.25,444.0,9098
2025-06-06 16:00:00,448.5,448.75,443.75,443.75,47474
2025-06-06 16:30:00,448.5,449.0,443.5,444.0,96551
2025-06-06 17:00:00,447.75,449.25,442.75,444.0,58070
2025-06-06 17:30:00,448.0,448.25,442.75,447.75,61922
2025-06-06 18:00:00,442.0,449.5,441.25,443.25,94897
2025-06-09 00:00:00,442.0,448.75,441.25,442.25,3120
2025-06-09 00:30:00,442.25,447.75,441.25,442.0,2860
2025-06-09 01:00:00,443.5,449.0,442.25,442.25,3941
2025-06-09 01:30:00,448.5,449.0,443.5,443.75,1980
2025-06-09 02:00:00,449.0,449.25,443.5,443.5,1371
2025-06-09 02:30:00,444.75,449.5,444.25,444.25,1367
2025-06-09 03:00:00,445.0,449.5,444.75,449.25,814
2025-06-09 03:30:00,445.25,449.75,444.75,445.0,310
2025-06-09 04:00:00,445.0,449.75,445.0,449.75,1021
2025-06-09 04:30:00,445.25,449.5,445.0,445.25,160
2025-06-09 05:00:00,445.25,449.75,445.0,445.0,1154
2025-06-09 05:30:00,445.5,450.0,445.0,445.25,2107
2025-06-09 06:00:00,445.5,450.0,445.25,449.75,1579
2025-06-09 06:30:00,445.5,449.75,445.25,445.5,872
2025-06-09 07:00:00,448.0,449.5,443.75,445.75,3357
2025-06-09 07:30:00,448.0,448.0,443.5,443.75,4777
2025-06-09 08:00:00,447.0,448.0,442.5,443.75,4594
2025-06-09 08:30:00,446.75,447.25,442.0,442.75,1935
2025-06-09 09:00:00,441.0,446.5,440.75,441.75,1946
2025-06-09 09:30:00,446.25,446.25,440.75,446.0,1589
2025-06-09 10:00:00,442.5,446.75,440.75,441.0,1396
2025-06-09 10:30:00,441.0,446.5,441.0,442.5,1273
2025-06-09 11:00:00,441.5,445.75,441.0,445.5,2342
2025-06-09 11:30:00,444.25,445.75,440.0,445.5,2916
2025-06-09 12:00:00,443.5,444.5,440.25,440.5,2827
2025-06-09 12:30:00,439.75,443.5,438.75,440.25,1637
2025-06-09 13:30:00,440.75,443.5,436.25,440.0,18016
2025-06-09 14:00:00,438.0,441.75,436.0,440.75,27724
2025-06-09 14:30:00,437.5,441.5,436.5,437.75,24072
2025-06-09 15:00:00,435.25,441.25,435.0,441.0,29155
2025-06-09 15:30:00,439.5,440.0,435.25,439.75,27114
2025-06-09 16:00:00,437.75,440.0,436.25,439.75,84111
2025-06-09 16:30:00,436.5,439.75,435.75,437.75,68080
2025-06-09 17:00:00,435.75,439.75,435.5,436.25,11176
2025-06-09 17:30:00,434.0,439.75,434.0,435.75,100542
2025-06-09 18:00:00,433.0,439.25,432.75,434.0,84616
2025-06-10 00:00:00,432.5,439.0,431.5,433.5,6553
2025-06-10 00:30:00,432.0,438.25,431.75,438.25,617
2025-06-10 01:00:00,437.75,438.0,432.0,437.75,1277
2025-06-10 01:30:00,438.5,438.5,432.75,438.0,9797
2025-06-10 02:00:00,433.5,438.5,433.0,433.25,16786
2025-06-10 02:30:00,438.0,438.5,433.0,433.5,690
2025-06-10 03:00:00,432.75,438.0,432.5,433.0,19137
2025-06-10 03:30:00,437.75,437.75,432.5,437.75,12775
2025-06-10 04:00:00,432.75,438.0,432.5,438.0,12820
2025-06-10 04:30:00,433.0,437.75,432.75,433.0,6638
2025-06-10 05:00:00,437.5,437.75,432.75,432.75,65
2025-06-10 05:30:00,433.0,438.0,432.5,432.5,20120
2025-06-10 06:00:00,438.0,438.0,432.75,437.75,6680
2025-06-10 06:30:00,437.75,438.5,433.25,433.25,7838
2025-06-10 07:00:00,431.75,437.5,431.0,433.25,15336
2025-06-10 07:30:00,431.25,436.25,431.0,436.0,7701
2025-06-10 08:00:00,431.25,436.0,430.75,431.25,8305
2025-06-10 08:30:00,436.0,436.25,431.0,431.25,17297
2025-06-10 09:00:00,431.25,436.25,431.0,431.25,18358
2025-06-10 09:30:00,432.0,437.25,430.5,431.0,21465
2025-06-10 10:00:00,431.25,437.75,431.0,432.0,11640
2025-06-10 10:30:00,430.25,437.25,430.25,431.5,13047
2025-06-10 11:00:00,430.5,436.5,430.0,430.5,1382
2025-06-10 11:30:00,430.75,436.5,429.25,430.5,28037
2025-06-10 12:00:00,436.5,437.0,430.5,430.5,17201
2025-06-10 12:30:00,433.25,437.5,431.75,431.75,17884
2025-06-10 13:30:00,436.5,438.25,431.75,437.5,41326
2025-06-10 14:00:00,436.25,438.25,433.75,436.25,15592
2025-06-10 14:30:00,435.5,438.0,434.75,436.25,50501
2025-06-10 15:00:00,435.0,435.25,434.25,435.0,140220
2025-06-10 15:30:00,435.5,436.0,433.75,435.25,105746
2025-06-10 16:00:00,437.25,437.5,434.25,434.5,116020
2025-06-10 16:30:00,437.75,439.0,436.75,437.25,69016
2025-06-10 17:00:00,437.75,439.0,436.75,437.75,11111
2025-06-10 17:30:00,437.75,439.5,437.5,438.5,8611
2025-06-10 18:00:00,439.0,440.0,437.25,437.75,172957
2025-06-11 00:00:00,440.5,441.25,439.0,439.0,8905
2025-06-11 00:30:00,440.75,440.75,439.0,440.0,10618
2025-06-11 01:00:00,440.25,441.5,439.5,439.5,21574
2025-06-11 01:30:00,441.25,441.25,440.0,440.25,15128
2025-06-11 02:00:00,439.75,441.25,439.75,440.25,34194
2025-06-11 02:30:00,440.25,441.5,440.0,440.0,11582
2025-06-11 03:00:00,440.25,440.5,440.0,440.25,57
2025-06-11 03:30:00,440.75,441.0,440.0,440.0,102
2025-06-11 04:00:00,440.5,441.0,440.0,440.0,22898
2025-06-11 04:30:00,440.25,440.5,440.25,440.25,13
2025-06-11 05:30:00,441.0,441.75,440.75,441.5,16487
2025-06-11 06:00:00,441.0,441.75,440.75,440.75,162
2025-06-11 06:30:00,441.75,442.0,440.5,441.75,25061
2025-06-11 07:00:00,442.0,442.5,441.5,441.5,26272
2025-06-11 07:30:00,442.5,443.0,442.25,442.75,13816
2025-06-11 08:00:00,443.0,443.25,442.25,442.5,14756
2025-06-11 08:30:00,443.0,443.25,442.5,443.25,621
2025-06-11 09:00:00,442.0,443.0,442.0,443.0,976
2025-06-11 09:30:00,442.5,442.5,441.5,442.25,390
2025-06-11 10:00:00,442.0,442.5,441.5,442.25,30702
2025-06-11 10:30:00,442.75,443.0,441.75,441.75,1200
2025-06-11 11:00:00,443.25,443.5,442.5,442.75,17268
2025-06-11 11:30:00,443.5,443.75,443.0,443.25,17053
2025-06-11 12:00:00,444.25,444.75,443.0,443.5,19482
2025-06-11 12:30:00,444.25,444.5,443.25,444.25,3473
2025-06-11 13:30:00,440.25,444.5,439.75,443.25,59631
2025-06-11 14:00:00,439.5,441.5,438.25,441.25,63077
2025-06-11 14:30:00,441.0,442.25,438.0,438.5,75380
2025-06-11 15:00:00,438.0,441.75,437.75,440.75,91907
2025-06-11 15:30:00,440.5,440.75,438.0,438.0,52818
2025-06-11 16:00:00,440.25,440.75,439.25,440.75,57574
2025-06-11 16:30:00,439.5,440.5,439.0,440.25,125073
2025-06-11 17:00:00,439.25,440.0,438.0,439.5,6850
2025-06-11 17:30:00,437.0,439.75,436.25,438.25,82453
2025-06-11 18:00:00,436.5,440.25,436.0,439.5,99135
2025-06-12 00:00:00,439.5,440.0,435.5,439.75,2266
2025-06-12 00:30:00,436.5,439.5,435.75,436.0,1717
2025-06-12 01:00:00,437.0,439.5,436.5,436.5,1024
2025-06-12 01:30:00,436.75,439.5,436.75,439.25,64
2025-06-12 02:00:00,439.0,439.25,436.5,439.0,1145
2025-06-12 02:30:00,437.0,439.25,436.5,439.0,758
2025-06-12 03:00:00,437.0,439.25,436.75,437.0,24
2025-06-12 03:30:00,437.5,440.0,437.0,437.0,6059
2025-06-12 04:00:00,439.5,439.75,437.0,437.25,364
2025-06-12 04:30:00,437.25,439.75,437.0,439.75,374
2025-06-12 05:00:00,437.0,439.75,436.75,439.5,567
2025-06-12 05:30:00,437.0,439.5,436.75,437.0,80
2025-06-12 06:00:00,436.25,439.5,436.0,439.5,144
2025-06-12 06:30:00,436.0,439.5,436.0,439.25,1629
2025-06-12 07:00:00,435.75,439.25,435.5,439.25,494
2025-06-12 07:30:00,435.25,439.25,435.25,439.25,2248
2025-06-12 08:00:00,435.75,439.5,435.25,435.25,2078
2025-06-12 08:30:00,440.5,440.5,435.75,439.5,2120
2025-06-12 09:00:00,437.25,440.75,436.5,436.75,2372
2025-06-12 09:30:00,438.0,441.5,437.25,441.25,6090
2025-06-12 10:00:00,437.75,442.0,437.5,438.0,738
2025-06-12 10:30:00,441.0,441.25,437.25,437.75,152
2025-06-12 11:00:00,438.0,441.5,437.5,437.5,6747
2025-06-12 11:30:00,439.5,442.25,437.75,438.0,4139
2025-06-12 12:00:00,439.5,442.25,439.0,439.5,5214
2025-06-12 12:30:00,442.75,443.0,439.0,439.5,1441
2025-06-12 13:30:00,439.0,443.25,436.75,440.25,36887
2025-06-12 14:00:00,440.75,441.75,438.5,441.0,22729
2025-06-12 14:30:00,439.25,441.25,439.0,440.0,30072
2025-06-12 15:00:00,438.25,440.5,437.75,439.5,33553
2025-06-12 15:30:00,441.0,441.5,437.75,438.25,8969
2025-06-12 16:00:00,436.75,442.5,435.25,441.25,149131
2025-06-12 16:30:00,439.5,439.75,436.0,436.75,55954
2025-06-12 17:00:00,439.25,441.0,437.25,439.5,117456
2025-06-12 17:30:00,439.75,441.25,438.75,439.25,197560
2025-06-12 18:00:00,438.5,441.5,438.5,439.5,154495
2025-06-13 00:00:00,438.25,441.75,437.25,440.0,838
2025-06-13 00:30:00,442.75,443.0,438.0,438.5,1327
2025-06-13 01:00:00,443.25,444.0,440.25,442.5,1325
2025-06-13 01:30:00,443.0,443.25,440.5,443.25,578
2025-06-13 02:00:00,443.5,443.5,441.0,441.0,1560
2025-06-13 02:30:00,441.75,443.75,441.75,441.75,1052
2025-06-13 03:00:00,441.25,443.25,441.0,442.0,1607
2025-06-13 03:30:00,441.5,442.75,441.0,442.5,1604
2025-06-13 04:00:00,442.5,442.75,441.25,441.5,755
2025-06-13 04:30:00,442.5,442.75,441.25,441.5,1453
2025-06-13 05:00:00,441.0,442.75,441.0,442.5,820
2025-06-13 05:30:00,440.75,442.5,440.5,442.0,940
2025-06-13 06:00:00,442.25,442.25,440.5,442.25,225
2025-06-13 06:30:00,440.5,442.25,439.0,440.75,890
2025-06-13 07:00:00,437.5,440.5,437.25,439.0,1165
2025-06-13 07:30:00,439.25,440.0,437.5,439.25,961
2025-06-13 08:00:00,437.25,439.75,437.25,439.25,900
2025-06-13 08:30:00,440.25,440.75,437.25,439.5,326
2025-06-13 09:00:00,436.5,440.25,436.0,438.0,4021
2025-06-13 09:30:00,436.75,440.0,436.25,439.25,6033
2025-06-13 10:00:00,435.5,440.0,435.25,440.0,4442
2025-06-13 10:30:00,435.0,439.0,435.0,435.25,5462
2025-06-13 11:00:00,436.0,440.0,435.0,435.0,3714
2025-06-13 11:30:00,435.25,440.0,435.25,436.0,5553
2025-06-13 12:00:00,436.5,440.5,435.25,435.25,2461
2025-06-13 12:30:00,436.25,439.75,435.75,436.5,4346
2025-06-13 13:30:00,442.25,443.25,436.25,439.25,19925
2025-06-13 14:00:00,440.5,443.75,440.25,442.25,41273
2025-06-13 14:30:00,442.25,443.25,440.25,440.5,62910
2025-06-13 15:00:00,440.5,442.75,440.25,441.25,36325
2025-06-13 15:30:00,442.5,442.75,440.25,440.5,4346
2025-06-13 16:00:00,442.25,443.0,441.5,442.5,7662
2025-06-13 16:30:00,442.75,443.0,442.25,442.25,5335
2025-06-13 17:00:00,442.0,443.5,441.75,442.5,8547
2025-06-13 17:30:00,442.75,443.0,442.0,442.0,2941
2025-06-13 18:00:00,443.25,443.75,442.75,443.0,10952
2025-06-16 00:00:00,442.25,444.75,442.0,443.0,2781
2025-06-16 00:30:00,441.0,442.0,440.25,442.0,2094
2025-06-16 01:00:00,440.5,441.0,440.5,441.0,412
2025-06-16 01:30:00,440.5,440.75,440.25,440.5,260
2025-06-16 02:00:00,440.5,440.75,440.25,440.5,218
2025-06-16 02:30:00,440.5,440.75,440.25,440.75,209
2025-06-16 03:00:00,440.75,440.75,440.25,440.5,72
2025-06-16 03:30:00,440.75,440.75,440.5,440.5,76
2025-06-16 04:00:00,441.0,441.0,440.75,440.75,161
2025-06-16 04:30:00,440.5,441.0,440.5,441.0,18
2025-06-16 05:00:00,441.0,441.0,440.5,440.75,160
2025-06-16 05:30:00,440.75,440.75,440.5,440.75,155
2025-06-16 06:00:00,440.5,440.5,440.25,440.5,172
2025-06-16 06:30:00,440.25,440.5,440.0,440.25,481
2025-06-16 07:00:00,440.25,440.5,440.0,440.0,1061
2025-06-16 07:30:00,439.5,440.0,439.0,440.0,1479
2025-06-16 08:00:00,438.75,439.5,438.5,439.5,825
2025-06-16 08:30:00,438.0,438.75,438.0,438.75,825
2025-06-16 09:00:00,439.25,439.25,437.75,438.25,2117
2025-06-16 09:30:00,438.75,439.25,438.75,439.0,413
2025-06-16 10:00:00,439.0,439.25,439.0,439.0,86
2025-06-16 10:30:00,438.5,439.25,438.25,439.25,999
2025-06-16 11:00:00,438.25,438.75,437.75,438.5,1403
2025-06-16 11:30:00,438.75,439.25,437.75,438.25,2064
2025-06-16 12:00:00,438.0,439.0,437.75,438.75,3107
2025-06-16 12:30:00,437.75,438.0,437.0,438.0,1620
2025-06-16 13:30:00,436.25,438.0,436.25,437.25,22292
2025-06-16 14:00:00,434.0,436.5,434.0,436.25,21449
2025-06-16 14:30:00,435.5,435.75,433.75,434.0,9094
2025-06-16 15:00:00,436.0,436.25,434.5,435.5,6131
2025-06-16 15:30:00,435.75,436.75,435.25,436.0,5091
2025-06-16 16:00:00,435.5,435.5,434.5,435.5,5096
2025-06-16 16:30:00,435.25,435.75,434.5,435.25,3928
2025-06-16 17:00:00,435.0,435.25,434.5,435.0,5382
2025-06-16 17:30:00,435.0,435.75,434.75,435.0,5504
2025-06-16 18:00:00,435.5,435.5,434.25,435.0,15362
2025-06-17 00:00:00,437.5,437.75,435.75,435.75,1078
2025-06-17 00:30:00,436.5,437.25,436.25,437.0,1007
2025-06-17 01:00:00,436.75,436.75,436.0,436.5,712
2025-06-17 01:30:00,437.25,437.5,436.5,436.5,449
2025-06-17 02:00:00,437.0,437.25,437.0,437.25,166
2025-06-17 02:30:00,437.5,437.5,437.0,437.0,275
2025-06-17 03:00:00,436.75,437.25,436.5,437.25,120
2025-06-17 03:30:00,437.25,437.25,436.75,437.0,87
2025-06-17 04:00:00,437.25,437.25,437.25,437.25,26
2025-06-17 04:30:00,437.25,437.25,437.0,437.0,48
2025-06-17 05:00:00,436.75,437.0,436.75,437.0,88
2025-06-17 05:30:00,437.0,437.0,437.0,437.0,61
2025-06-17 06:00:00,437.0,437.25,437.0,437.25,124
2025-06-17 06:30:00,436.5,437.0,436.25,437.0,320
2025-06-17 07:00:00,436.75,437.25,436.75,436.75,706
2025-06-17 07:30:00,437.0,437.5,436.75,437.25,467
2025-06-17 08:00:00,437.0,437.75,437.0,437.25,347
2025-06-17 08:30:00,436.75,437.0,436.25,437.0,489
2025-06-17 09:00:00,436.75,437.0,436.5,436.75,759
2025-06-17 09:30:00,436.5,437.25,436.5,436.75,404
2025-06-17 10:00:00,437.0,437.0,436.5,436.5,426
2025-06-17 10:30:00,436.5,437.25,436.5,436.75,348
2025-06-17 11:00:00,436.5,437.0,436.25,436.75,1113
2025-06-17 11:30:00,437.25,437.25,436.25,436.5,918
2025-06-17 12:00:00,437.75,437.75,437.0,437.25,1771
2025-06-17 12:30:00,437.5,437.75,437.0,437.5,1517
2025-06-17 13:30:00,437.5,439.5,437.0,437.0,20837
2025-06-17 14:00:00,437.25,437.75,436.25,437.5,13093
2025-06-17 14:30:00,438.25,438.5,436.5,437.25,9531
2025-06-17 15:00:00,438.5,439.25,438.0,438.25,9815
2025-06-17 15:30:00,439.5,439.5,438.5,438.5,5215
2025-06-17 16:00:00,438.25,439.75,437.75,439.5,9728
2025-06-17 16:30:00,439.5,439.5,438.5,438.5,22627
2025-06-17 17:00:00,440.25,440.5,439.25,439.75,12330
2025-06-17 17:30:00,439.25,440.5,439.0,440.25,12147
2025-06-17 18:00:00,438.75,439.5,438.5,439.25,10610
2025-06-18 00:00:00,440.0,440.75,439.25,439.25,2760
2025-06-18 00:30:00,440.0,440.25,440.0,440.25,97
2025-06-18 01:00:00,440.75,440.75,439.75,440.0,322
2025-06-18 01:30:00,440.75,441.0,440.25,440.75,278
2025-06-18 02:00:00,440.25,440.25,440.0,440.25,217
2025-06-18 02:30:00,440.75,440.75,440.25,440.25,16
2025-06-18 03:00:00,440.5,440.5,440.25,440.5,79
2025-06-18 03:30:00,440.25,440.5,440.25,440.5,128
2025-06-18 04:00:00,440.25,440.5,440.25,440.5,38
2025-06-18 04:30:00,440.5,440.5,440.5,440.5,3
2025-06-18 05:00:00,440.5,440.5,440.25,440.25,664
2025-06-18 05:30:00,440.25,440.5,440.25,440.25,100
2025-06-18 06:00:00,440.25,440.25,440.25,440.25,54
2025-06-18 06:30:00,440.5,440.5,439.75,440.25,354
2025-06-18 07:00:00,440.25,441.0,440.0,440.5,402
2025-06-18 07:30:00,440.75,440.75,440.5,440.5,415
2025-06-18 08:00:00,440.75,441.25,440.75,440.75,476
2025-06-18 08:30:00,440.75,441.25,440.5,440.75,490
2025-06-18 09:00:00,440.5,440.75,440.25,440.75,163
2025-06-18 09:30:00,440.0,440.5,440.0,440.5,496
2025-06-18 10:00:00,439.75,440.0,439.5,440.0,1296
2025-06-18 10:30:00,439.5,440.0,439.25,440.0,201
2025-06-18 11:00:00,439.5,439.75,439.0,439.75,743
2025-06-18 11:30:00,440.75,441.0,439.25,439.25,1469
2025-06-18 12:00:00,439.75,441.25,439.75,440.75,1104
2025-06-18 12:30:00,440.0,440.0,439.5,440.0,445
2025-06-18 13:30:00,441.25,441.5,439.5,439.5,18661
2025-06-18 14:00:00,444.0,444.0,441.0,441.25,22202
2025-06-18 14:30:00,443.75,444.5,443.5,443.75,11717
2025-06-18 15:00:00,443.25,444.25,442.5,444.0,6438
2025-06-18 15:30:00,445.0,445.5,443.25,443.25,13122
2025-06-18 16:00:00,444.75,445.75,444.0,445.25,17099
2025-06-18 16:30:00,443.5,445.25,443.25,445.0,11025
2025-06-18 17:00:00,443.75,444.25,443.25,443.5,4661
2025-06-18 17:30:00,443.5,444.25,443.25,443.75,5859
2025-06-18 18:00:00,443.75,444.25,443.5,443.5,15178
2025-06-20 00:00:00,444.0,445.0,443.25,444.0,4224
2025-06-20 00:30:00,444.0,444.0,443.75,444.0,212
2025-06-20 01:00:00,444.75,444.75,444.0,444.0,875
2025-06-20 01:30:00,444.25,444.75,444.0,444.75,683
2025-06-20 02:00:00,443.75,444.25,443.75,444.25,193
2025-06-20 02:30:00,444.0,444.0,443.75,443.75,43
2025-06-20 03:00:00,442.75,444.0,442.5,444.0,1147
2025-06-20 03:30:00,443.0,443.0,442.75,442.75,113
2025-06-20 04:00:00,443.25,443.25,443.25,443.25,21
2025-06-20 04:30:00,443.0,443.25,442.75,443.25,8754
2025-06-20 05:00:00,442.75,442.75,442.75,442.75,131
2025-06-20 05:30:00,442.75,443.0,442.5,442.75,717
2025-06-20 06:00:00,442.75,443.5,442.5,442.75,682
2025-06-20 06:30:00,443.25,443.5,442.75,442.75,591
2025-06-20 07:00:00,444.25,444.5,443.0,443.25,423
2025-06-20 07:30:00,444.5,445.0,443.75,444.25,694
2025-06-20 08:00:00,446.5,446.5,444.5,444.75,2302
2025-06-20 08:30:00,446.5,446.75,446.0,446.25,792
2025-06-20 09:00:00,446.5,446.75,446.0,446.25,650
2025-06-20 09:30:00,446.0,446.5,445.5,446.5,2620
2025-06-20 10:00:00,445.5,446.0,445.5,445.75,529
2025-06-20 10:30:00,446.0,446.0,445.5,445.75,272
2025-06-20 11:00:00,446.0,446.25,445.75,445.75,892
2025-06-20 11:30:00,446.25,446.25,445.75,446.0,1609
2025-06-20 12:00:00,446.0,447.0,446.0,446.25,2477
2025-06-20 12:30:00,446.0,446.5,445.75,446.25,799
2025-06-20 13:30:00,444.75,446.25,443.5,446.0,24199
2025-06-20 14:00:00,443.5,444.75,443.25,444.5,6662
2025-06-20 14:30:00,445.0,445.25,443.0,443.75,9177
2025-06-20 15:00:00,443.75,445.25,443.5,445.0,4825
2025-06-20 15:30:00,442.75,443.75,442.75,443.75,6761
2025-06-20 16:00:00,442.75,443.0,442.5,442.75,7785
2025-06-20 16:30:00,442.75,442.75,442.0,442.75,5242
2025-06-20 17:00:00,441.75,442.75,441.5,442.5,4171
2025-06-20 17:30:00,441.5,442.25,441.25,441.75,4674
2025-06-20 18:00:00,442.0,442.25,441.0,441.5,13332
2025-06-23 00:00:00,442.0,444.25,441.5,444.0,3345
2025-06-23 00:30:00,441.75,442.0,441.5,442.0,239
2025-06-23 01:00:00,441.25,441.75,441.25,441.5,508
2025-06-23 01:30:00,440.75,441.25,440.75,441.0,448
2025-06-23 02:00:00,440.75,441.0,440.0,441.0,539
2025-06-23 02:30:00,440.5,441.0,440.25,440.75,2849
2025-06-23 03:00:00,440.0,440.5,440.0,440.5,92
2025-06-23 03:30:00,440.5,440.5,440.25,440.25,76
2025-06-23 04:00:00,440.75,440.75,440.75,440.75,17
2025-06-23 04:30:00,440.5,440.5,440.5,440.5,62
2025-06-23 05:00:00,440.0,440.5,440.0,440.5,583
2025-06-23 05:30:00,440.25,440.75,440.0,440.25,228
2025-06-23 06:00:00,439.5,440.75,439.5,440.5,825
2025-06-23 06:30:00,437.5,439.5,437.5,439.25,1177
2025-06-23 07:00:00,437.25,437.75,437.0,437.75,854
2025-06-23 07:30:00,436.75,437.5,436.25,437.25,1782
2025-06-23 08:00:00,436.0,436.75,436.0,436.75,1072
2025-06-23 08:30:00,437.5,437.75,436.0,436.0,2313
2025-06-23 09:00:00,437.0,437.25,437.0,437.25,555
2025-06-23 09:30:00,437.0,437.25,436.75,436.75,480
2025-06-23 10:00:00,437.5,437.5,436.25,437.25,1390
2025-06-23 10:30:00,438.0,438.25,437.25,437.25,874
2025-06-23 11:00:00,437.25,438.0,437.25,437.75,896
2025-06-23 11:30:00,437.75,438.25,437.25,437.5,1092
2025-06-23 12:00:00,436.75,437.75,436.5,437.75,2755
2025-06-23 12:30:00,436.5,437.25,436.5,437.0,1128
2025-06-23 13:30:00,436.5,438.5,435.5,436.5,22385
2025-06-23 14:00:00,436.25,436.75,435.5,436.5,9845
2025-06-23 14:30:00,435.25,436.5,435.0,436.0,12978
2025-06-23 15:00:00,433.75,435.0,433.25,435.0,14981
2025-06-23 15:30:00,433.25,434.0,433.0,433.75,5806
2025-06-23 16:00:00,434.25,434.5,433.25,433.25,6474
2025-06-23 16:30:00,434.0,434.75,433.5,434.25,5668
2025-06-23 17:00:00,434.0,434.5,433.75,434.0,6041
2025-06-23 17:30:00,434.5,435.0,433.75,434.0,11176
2025-06-23 18:00:00,434.25,434.75,433.25,434.5,17219
2025-06-24 00:00:00,433.25,434.5,432.75,434.25,1858
2025-06-24 00:30:00,432.75,433.25,432.5,433.25,964
2025-06-24 01:00:00,433.5,433.75,432.75,432.75,594
2025-06-24 01:30:00,434.0,434.25,433.25,433.75,572
2025-06-24 02:00:00,434.25,434.5,434.0,434.0,173
2025-06-24 02:30:00,434.5,434.5,434.0,434.0,6803
2025-06-24 03:00:00,434.0,434.25,433.75,434.25,1121
2025-06-24 03:30:00,434.0,434.0,434.0,434.0,99
2025-06-24 04:00:00,434.25,434.25,433.75,434.0,494
2025-06-24 04:30:00,434.0,434.25,433.75,434.0,63
2025-06-24 05:00:00,433.5,434.0,433.5,433.75,69
2025-06-24 05:30:00,433.25,433.75,433.0,433.25,97
2025-06-24 06:00:00,433.25,433.5,433.25,433.25,243
2025-06-24 06:30:00,433.25,433.5,432.5,433.25,521
2025-06-24 07:00:00,433.75,433.75,433.0,433.25,375
2025-06-24 07:30:00,433.0,433.5,432.25,433.5,2098
2025-06-24 08:00:00,432.75,433.25,432.5,433.0,284
2025-06-24 08:30:00,431.75,433.0,431.5,432.75,3131
2025-06-24 09:00:00,432.25,432.5,431.5,431.75,1659
2025-06-24 09:30:00,432.75,433.0,432.25,432.25,1058
2025-06-24 10:00:00,433.25,433.5,432.5,432.75,1549
2025-06-24 10:30:00,433.75,433.75,433.0,433.25,802
2025-06-24 11:00:00,433.0,433.5,432.5,433.5,1475
2025-06-24 11:30:00,431.5,433.0,431.5,433.0,2985
2025-06-24 12:00:00,431.75,431.75,431.0,431.5,2773
2025-06-24 12:30:00,431.75,432.0,431.25,431.75,1090
2025-06-24 13:30:00,433.75,434.25,431.25,432.0,25117
2025-06-24 14:00:00,433.25,434.5,432.75,433.75,11320
2025-06-24 14:30:00,432.5,433.5,432.0,433.25,15037
2025-06-24 15:00:00,431.5,433.0,431.5,432.5,8868
2025-06-24 15:30:00,431.0,431.75,430.75,431.5,9102
2025-06-24 16:00:00,431.25,431.25,430.5,431.25,14331
2025-06-24 16:30:00,430.75,431.25,430.75,431.25,8516
2025-06-24 17:00:00,430.5,431.25,430.5,431.0,5358
2025-06-24 17:30:00,430.0,430.75,430.0,430.5,6659
2025-06-24 18:00:00,428.75,430.25,428.5,430.25,20332
2025-06-25 00:00:00,429.5,430.5,429.0,429.25,495
2025-06-25 00:30:00,429.25,429.75,429.0,429.5,367
2025-06-25 01:00:00,429.0,429.5,429.0,429.25,146
2025-06-25 01:30:00,429.25,429.25,429.0,429.25,594
2025-06-25 02:00:00,429.25,429.5,429.0,429.5,94
2025-06-25 02:30:00,428.5,429.25,428.5,429.0,381
2025-06-25 03:00:00,429.0,429.0,428.5,428.5,79
2025-06-25 03:30:00,428.75,429.25,428.75,428.75,57
2025-06-25 04:00:00,429.25,429.5,429.0,429.0,881
2025-06-25 04:30:00,429.0,429.25,429.0,429.0,48
2025-06-25 05:00:00,428.75,429.0,428.75,429.0,189
2025-06-25 05:30:00,428.75,429.0,428.5,429.0,116
2025-06-25 06:00:00,428.0,428.75,428.0,428.75,744
2025-06-25 06:30:00,427.75,428.25,427.5,428.25,1492
2025-06-25 07:00:00,427.0,427.75,426.5,427.75,3000
2025-06-25 07:30:00,427.0,428.25,426.75,427.0,1209
2025-06-25 08:00:00,426.75,427.0,426.5,427.0,697
2025-06-25 08:30:00,427.0,427.0,426.25,426.5,709
2025-06-25 09:00:00,426.0,426.75,426.0,426.75,1033
2025-06-25 09:30:00,426.5,426.75,426.25,426.5,1353
2025-06-25 10:00:00,426.25,426.5,425.75,426.25,1765
2025-06-25 10:30:00,425.75,426.25,425.5,426.25,390
2025-06-25 11:00:00,425.75,425.75,425.25,425.75,1266
2025-06-25 11:30:00,425.25,425.75,425.0,425.75,1280
2025-06-25 12:00:00,425.75,425.75,424.5,425.0,3258
2025-06-25 12:30:00,425.5,425.75,425.0,425.5,1649
2025-06-25 13:30:00,423.5,425.5,421.5,425.5,34482
2025-06-25 14:00:00,422.25,424.0,421.5,423.5,20126
2025-06-25 14:30:00,421.25,423.0,421.0,422.5,9404
2025-06-25 15:00:00,423.25,423.25,422.0,422.0,8356
2025-06-25 15:30:00,423.25,423.75,423.0,423.5,7703
2025-06-25 16:00:00,424.5,425.0,423.0,423.25,11713
2025-06-25 16:30:00,423.75,425.0,423.5,424.75,8608
2025-06-25 17:00:00,423.25,423.75,422.75,423.5,9065
2025-06-25 17:30:00,422.75,423.25,422.25,423.0,8020
2025-06-25 18:00:00,422.75,423.5,422.0,422.5,21902
2025-06-26 00:00:00,423.25,423.75,422.25,422.25,1551
2025-06-26 00:30:00,423.0,423.25,422.5,423.25,958
2025-06-26 01:00:00,422.75,423.25,422.75,423.25,418
2025-06-26 01:30:00,422.75,423.0,422.75,422.75,110
2025-06-26 02:00:00,422.75,423.0,422.75,422.75,311
2025-06-26 02:30:00,422.75,423.0,422.5,423.0,691
2025-06-26 03:00:00,422.5,422.75,422.5,422.5,309
2025-06-26 03:30:00,422.75,422.75,422.5,422.5,87
2025-06-26 04:00:00,422.75,422.75,422.75,422.75,147
2025-06-26 04:30:00,422.5,422.75,422.5,422.5,603
2025-06-26 05:00:00,422.5,422.75,422.5,422.75,541
2025-06-26 05:30:00,422.5,422.5,422.0,422.25,964
2025-06-26 06:00:00,422.0,422.75,421.75,422.25,9873
2025-06-26 06:30:00,421.0,422.0,420.5,422.0,12209
2025-06-26 07:00:00,419.5,421.0,419.25,421.0,4383
2025-06-26 07:30:00,420.0,420.0,419.25,419.5,797
2025-06-26 08:00:00,423.5,424.25,420.0,420.0,4556
2025-06-26 08:30:00,424.5,424.75,423.25,423.5,1267
2025-06-26 09:00:00,424.0,424.5,423.75,424.5,534
2025-06-26 09:30:00,425.25,425.25,424.0,424.0,1550
2025-06-26 10:00:00,425.0,426.0,425.0,425.25,2094
2025-06-26 10:30:00,424.5,425.0,424.0,425.0,1026
2025-06-26 11:00:00,424.25,425.0,423.75,424.5,986
2025-06-26 11:30:00,422.25,424.5,422.0,424.25,2702
2025-06-26 12:00:00,422.5,423.5,422.0,422.0,3306
2025-06-26 12:30:00,423.5,423.5,421.25,422.5,2853
2025-06-26 13:30:00,423.25,424.0,421.0,424.0,22365
2025-06-26 14:00:00,424.25,425.5,422.25,423.25,11176
2025-06-26 14:30:00,423.5,424.5,422.0,424.5,9961
2025-06-26 15:00:00,422.0,424.25,421.75,423.25,9093
2025-06-26 15:30:00,421.25,422.75,421.0,422.0,6177
2025-06-26 16:00:00,422.25,423.0,421.0,421.25,4986
2025-06-26 16:30:00,421.75,422.5,421.25,422.25,6266
2025-06-26 17:00:00,421.25,421.75,420.25,421.5,5302
2025-06-26 17:30:00,421.75,422.25,421.0,421.0,8974
2025-06-26 18:00:00,421.0,422.25,420.75,422.0,15099
2025-06-27 00:00:00,424.75,424.75,421.25,421.25,2656
2025-06-27 00:30:00,424.0,424.75,423.75,424.5,968
2025-06-27 01:00:00,423.5,424.0,423.5,424.0,1052
2025-06-27 01:30:00,423.5,423.5,423.0,423.5,124
2025-06-27 02:00:00,423.0,423.5,422.75,423.25,738
2025-06-27 02:30:00,423.25,423.25,423.25,423.25,49
2025-06-27 03:00:00,422.5,423.25,422.5,423.25,327
2025-06-27 03:30:00,422.75,422.75,422.5,422.5,47
2025-06-27 04:00:00,423.0,423.0,422.5,422.75,39
2025-06-27 04:30:00,422.5,423.0,422.5,422.75,17
2025-06-27 05:00:00,422.75,422.75,422.75,422.75,21
2025-06-27 05:30:00,423.25,423.25,423.0,423.0,441
2025-06-27 06:00:00,423.25,423.5,423.0,423.0,392
2025-06-27 06:30:00,424.25,424.25,423.25,423.25,752
2025-06-27 07:00:00,426.25,426.5,424.25,424.25,2872
2025-06-27 07:30:00,426.75,426.75,426.0,426.25,1413
2025-06-27 08:00:00,426.5,427.0,426.25,426.75,690
2025-06-27 08:30:00,426.25,426.75,426.0,426.5,1027
2025-06-27 09:00:00,427.5,427.5,425.75,426.5,1357
2025-06-27 09:30:00,426.75,427.75,426.5,427.5,1173
2025-06-27 10:00:00,426.0,427.0,426.0,426.75,390
2025-06-27 10:30:00,427.75,427.75,426.0,426.0,569
2025-06-27 11:00:00,427.25,428.0,427.0,427.75,1408
2025-06-27 11:30:00,426.25,427.75,426.0,427.5,1050
2025-06-27 12:00:00,425.25,427.25,425.0,426.0,3766
2025-06-27 12:30:00,426.5,426.75,424.75,425.0,2746
2025-06-27 13:30:00,425.5,427.75,425.0,426.25,20268
2025-06-27 14:00:00,424.75,426.75,424.5,425.5,7165
2025-06-27 14:30:00,425.75,426.0,424.5,424.75,5630
2025-06-27 15:00:00,423.5,426.0,423.25,426.0,6852
2025-06-27 15:30:00,423.75,424.25,423.5,423.75,5369
2025-06-27 16:00:00,425.5,426.25,423.5,423.75,24868
2025-06-27 16:30:00,425.0,426.25,424.25,425.75,7607
2025-06-27 17:00:00,425.75,425.75,424.5,425.25,4723
2025-06-27 17:30:00,426.75,427.5,425.25,425.75,13887
2025-06-27 18:00:00,426.5,427.5,426.0,427.0,21093
2025-06-30 00:00:00,427.25,429.25,426.5,426.5,2208
2025-06-30 00:30:00,427.0,427.0,426.5,427.0,389
2025-06-30 01:00:00,427.0,427.5,426.75,426.75,871
2025-06-30 01:30:00,426.75,427.25,426.5,427.0,1471
2025-06-30 02:00:00,426.25,426.5,426.0,426.5,248
2025-06-30 02:30:00,426.5,426.5,426.0,426.25,74
2025-06-30 03:00:00,426.25,426.75,426.25,426.75,55
2025-06-30 03:30:00,426.5,426.5,426.25,426.25,29
2025-06-30 04:00:00,426.5,426.75,426.5,426.75,33
2025-06-30 04:30:00,426.5,426.5,426.25,426.25,8473
2025-06-30 05:00:00,426.5,426.5,426.25,426.5,16
2025-06-30 05:30:00,426.25,426.5,426.0,426.25,56
2025-06-30 06:00:00,425.75,426.25,425.5,426.25,300
2025-06-30 06:30:00,425.75,426.25,425.75,425.75,199
2025-06-30 07:00:00,424.5,426.0,424.5,425.75,1094
2025-06-30 07:30:00,424.5,425.25,424.25,424.75,1424
2025-06-30 08:00:00,424.75,424.75,424.0,424.25,230
2025-06-30 08:30:00,425.75,426.25,424.75,424.75,1532
2025-06-30 09:00:00,425.75,426.5,425.75,425.75,899
2025-06-30 09:30:00,425.0,425.75,424.75,425.5,819
2025-06-30 10:00:00,425.0,425.75,424.75,424.75,538
2025-06-30 10:30:00,425.0,425.25,424.5,425.25,261
2025-06-30 11:00:00,424.5,425.25,424.0,425.0,706
2025-06-30 11:30:00,424.0,424.75,423.25,424.25,2229
2025-06-30 12:00:00,423.5,424.0,422.75,424.0,2860
2025-06-30 12:30:00,424.0,424.25,423.5,423.5,536
2025-06-30 13:30:00,426.0,426.25,423.0,423.75,13177
2025-06-30 14:00:00,426.25,427.25,425.25,426.0,9066
2025-06-30 14:30:00,427.5,427.75,426.0,426.5,8990
2025-06-30 15:00:00,427.5,428.0,426.25,427.5,9939
2025-06-30 15:30:00,425.25,428.25,425.0,427.5,15313
2025-06-30 16:00:00,425.5,429.5,424.0,425.25,64676
2025-06-30 16:30:00,425.25,425.75,422.25,425.5,15900
2025-06-30 17:00:00,426.0,427.25,424.75,425.25,8166
2025-06-30 17:30:00,425.25,427.0,425.0,426.0,7287
2025-06-30 18:00:00,425.5,426.75,424.75,425.25,19054
2025-07-01 00:00:00,422.75,425.0,422.75,424.0,965
2025-07-01 00:30:00,422.25,423.25,422.25,423.0,965
2025-07-01 01:00:00,421.5,422.25,421.5,422.25,1160
2025-07-01 01:30:00,421.25,421.75,421.0,421.25,1438
2025-07-01 02:00:00,421.25,421.5,421.0,421.25,365
2025-07-01 02:30:00,421.5,421.75,421.0,421.5,102
2025-07-01 03:00:00,421.5,421.75,421.5,421.75,182
2025-07-01 03:30:00,421.75,422.0,421.5,421.5,251
2025-07-01 04:00:00,421.75,421.75,421.5,421.75,25
2025-07-01 04:30:00,421.75,421.75,421.75,421.75,32
2025-07-01 05:00:00,421.5,421.75,421.25,421.75,115
2025-07-01 05:30:00,421.5,421.75,421.5,421.5,18
2025-07-01 06:00:00,421.5,422.0,421.5,421.5,393
2025-07-01 06:30:00,421.5,421.75,421.0,421.5,507
2025-07-01 07:00:00,420.5,421.5,420.25,421.5,2754
2025-07-01 07:30:00,419.75,420.75,419.25,420.75,3101
2025-07-01 08:00:00,420.0,421.0,419.75,419.75,2107
2025-07-01 08:30:00,419.75,420.5,419.5,420.25,317
2025-07-01 09:00:00,419.5,420.0,419.25,419.75,628
2025-07-01 09:30:00,419.25,420.0,419.25,419.5,1284
2025-07-01 10:00:00,419.25,419.5,419.0,419.25,2850
2025-07-01 10:30:00,419.5,419.75,419.0,419.25,3110
2025-07-01 11:00:00,420.75,420.75,419.25,419.5,2359
2025-07-01 11:30:00,418.75,420.75,418.75,420.75,2849
2025-07-01 12:00:00,417.5,419.25,417.5,419.0,5627
2025-07-01 12:30:00,418.0,418.5,417.0,417.75,2329
2025-07-01 13:30:00,420.5,421.0,416.5,418.5,38418
2025-07-01 14:00:00,422.0,422.5,419.75,420.5,15269
2025-07-01 14:30:00,422.25,423.0,421.0,422.0,10881
2025-07-01 15:00:00,423.5,423.75,422.25,422.25,6290
2025-07-01 15:30:00,423.0,424.0,423.0,423.5,9484
2025-07-01 16:00:00,420.5,423.25,420.0,423.25,10091
2025-07-01 16:30:00,421.25,421.75,420.25,420.75,5869
2025-07-01 17:00:00,422.25,422.5,421.0,421.25,4793
2025-07-01 17:30:00,422.25,423.0,421.75,422.25,5694
2025-07-01 18:00:00,421.75,422.5,420.75,422.0,23208
2025-07-02 00:00:00,421.5,422.5,421.0,422.25,924
2025-07-02 00:30:00,420.5,421.5,420.5,421.5,374
2025-07-02 01:00:00,420.75,421.0,420.5,420.75,178
2025-07-02 01:30:00,420.25,421.0,420.25,420.75,397
2025-07-02 02:00:00,420.5,420.75,420.25,420.25,593
2025-07-02 02:30:00,419.0,420.5,418.25,420.5,2453
2025-07-02 03:00:00,419.25,419.25,419.0,419.0,208
2025-07-02 03:30:00,418.5,419.25,418.0,419.0,2507
2025-07-02 04:00:00,418.5,418.75,418.25,418.5,222
2025-07-02 04:30:00,418.25,418.5,418.0,418.5,665
2025-07-02 05:00:00,418.5,418.5,418.0,418.25,162
2025-07-02 05:30:00,418.25,418.75,418.25,418.75,476
2025-07-02 06:00:00,418.0,418.25,417.75,418.0,333
2025-07-02 06:30:00,417.75,418.25,417.5,417.75,410
2025-07-02 07:00:00,417.75,418.0,417.5,417.75,515
2025-07-02 07:30:00,418.5,419.25,418.25,418.5,649
2025-07-02 08:00:00,419.5,420.0,418.25,418.25,1069
2025-07-02 08:30:00,419.5,420.25,419.5,419.75,705
2025-07-02 09:00:00,419.5,419.75,419.0,419.5,722
2025-07-02 09:30:00,420.75,421.0,419.25,419.5,651
2025-07-02 10:00:00,419.5,420.5,419.0,420.5,679
2025-07-02 10:30:00,420.0,420.25,419.5,419.5,442
2025-07-02 11:00:00,420.0,421.0,420.0,420.0,1131
2025-07-02 11:30:00,418.25,420.5,418.0,420.0,1355
2025-07-02 12:00:00,418.5,419.5,418.0,418.25,860
2025-07-02 12:30:00,419.0,419.0,418.0,418.5,1097
2025-07-02 13:30:00,423.5,423.75,418.5,419.0,33712
2025-07-02 14:00:00,424.5,425.5,423.0,423.5,18034
2025-07-02 14:30:00,423.25,424.5,422.0,424.5,6933
2025-07-02 15:00:00,424.0,424.0,422.0,423.0,4474
2025-07-02 15:30:00,425.0,425.0,423.25,424.0,5627
2025-07-02 16:00:00,427.25,428.25,424.75,424.75,23620
2025-07-02 16:30:00,427.75,428.75,427.25,427.5,14232
2025-07-02 17:00:00,429.5,430.0,427.25,428.0,14458
2025-07-02 17:30:00,431.75,432.0,429.0,429.5,17481
2025-07-02 18:00:00,433.75,434.0,431.5,431.5,25247
2025-07-03 00:00:00,437.5,439.5,432.75,433.0,8827
2025-07-03 00:30:00,437.75,437.75,436.0,437.5,3469
2025-07-03 01:00:00,436.25,437.75,435.75,437.5,1949
2025-07-03 01:30:00,437.25,438.0,436.25,436.25,1022
2025-07-03 02:00:00,437.75,438.0,437.25,437.25,858
2025-07-03 02:30:00,437.0,437.75,436.25,437.5,735
2025-07-03 03:00:00,436.75,437.5,436.75,437.25,500
2025-07-03 03:30:00,436.5,437.5,436.5,436.75,599
2025-07-03 13:30:00,438.0,440.25,436.25,439.0,28586
2025-07-03 14:00:00,441.5,442.25,437.75,438.0,21018
2025-07-03 14:30:00,438.25,441.75,436.75,441.75,15064
2025-07-03 15:00:00,438.0,439.0,437.0,438.5,11377
2025-07-03 15:30:00,437.5,438.75,437.25,438.0,5738
2025-07-03 16:00:00,438.0,438.5,436.75,437.5,14329
2025-07-03 16:30:00,437.75,438.5,436.5,438.25,8242
2025-07-07 00:00:00,425.0,429.75,424.0,429.5,9711
2025-07-07 00:30:00,428.25,428.25,425.0,425.0,4472
2025-07-07 01:00:00,427.0,428.0,427.0,428.0,1600
2025-07-07 01:30:00,427.5,427.5,427.0,427.25,145
2025-07-07 02:00:00,427.5,427.5,427.0,427.25,1536
2025-07-07 02:30:00,427.25,427.75,427.25,427.5,198
2025-07-07 03:00:00,426.75,427.5,426.5,427.5,488
2025-07-07 03:30:00,427.0,427.25,426.75,427.0,250
2025-07-07 04:00:00,427.0,427.25,426.75,427.0,195
2025-07-07 04:30:00,426.75,427.0,426.75,427.0,317
2025-07-07 05:00:00,426.75,426.75,426.5,426.75,11
2025-07-07 05:30:00,426.25,426.75,426.25,426.5,384
2025-07-07 06:00:00,426.0,426.25,426.0,426.25,488
2025-07-07 06:30:00,425.0,426.25,424.75,426.0,1914
2025-07-07 07:00:00,423.5,425.25,423.25,425.0,2714
2025-07-07 07:30:00,423.0,423.75,422.5,423.5,3152
2025-07-07 08:00:00,423.5,423.75,422.75,422.75,1336
2025-07-07 08:30:00,423.25,424.0,422.75,423.75,1524
2025-07-07 09:00:00,423.75,424.75,423.0,423.25,1565
2025-07-07 09:30:00,424.0,424.25,423.5,423.75,610
2025-07-07 10:00:00,424.5,424.75,423.5,424.25,618
2025-07-07 10:30:00,424.0,424.5,423.5,424.25,575
2025-07-07 11:00:00,424.0,424.25,423.25,424.0,543
2025-07-07 11:30:00,425.0,425.5,423.75,424.0,2193
2025-07-07 12:00:00,425.75,426.0,424.25,424.75,1940
2025-07-07 12:30:00,424.5,426.0,424.25,425.5,721
2025-07-07 13:30:00,424.0,426.75,423.25,424.75,26446
2025-07-07 14:00:00,425.5,426.0,423.5,424.0,16737
2025-07-07 14:30:00,425.5,426.75,424.5,425.5,14251
2025-07-07 15:00:00,426.25,427.25,425.0,425.25,14189
2025-07-07 15:30:00,423.5,426.25,423.5,426.25,5208
2025-07-07 16:00:00,422.0,424.0,420.25,423.5,17399
2025-07-07 16:30:00,421.75,422.5,420.5,421.75,13327
2025-07-07 17:00:00,421.0,422.5,420.5,421.75,5656
2025-07-07 17:30:00,420.75,421.0,419.75,421.0,14251
2025-07-07 18:00:00,421.0,421.25,420.0,420.75,26679
2025-07-08 00:00:00,419.25,420.75,419.0,420.75,951
2025-07-08 00:30:00,419.5,419.5,419.0,419.25,918
2025-07-08 01:00:00,419.5,420.0,419.0,419.25,1063
2025-07-08 01:30:00,419.75,419.75,419.25,419.5,148
2025-07-08 02:00:00,419.5,419.75,419.5,419.75,56
2025-07-08 02:30:00,419.75,420.0,419.5,419.75,78
2025-07-08 03:00:00,420.0,420.0,419.75,419.75,71
2025-07-08 03:30:00,420.5,420.5,420.0,420.0,540
2025-07-08 04:00:00,420.25,420.5,420.0,420.25,39
2025-07-08 04:30:00,420.25,420.25,420.0,420.25,41
2025-07-08 05:00:00,420.0,420.25,419.75,420.25,195
2025-07-08 05:30:00,419.5,420.0,419.25,420.0,1092
2025-07-08 06:00:00,419.25,419.5,418.75,419.25,891
2025-07-08 06:30:00,418.75,419.5,418.75,419.25,1608
2025-07-08 07:00:00,418.75,419.0,418.75,418.75,449
2025-07-08 07:30:00,418.5,419.0,418.25,418.75,712
2025-07-08 08:00:00,417.75,418.5,417.75,418.5,1508
2025-07-08 08:30:00,418.0,418.5,417.75,418.0,296
2025-07-08 09:00:00,418.0,418.25,417.75,418.0,1223
2025-07-08 09:30:00,417.5,418.0,417.5,418.0,2063
2025-07-08 10:00:00,418.5,418.5,417.5,417.5,1579
2025-07-08 10:30:00,418.25,418.75,418.0,418.5,475
2025-07-08 11:00:00,417.75,418.5,417.75,418.0,536
2025-07-08 11:30:00,417.5,418.0,417.0,417.75,2545
2025-07-08 12:00:00,417.5,418.25,417.25,417.5,2781
2025-07-08 12:30:00,417.75,417.75,416.75,417.5,3440
2025-07-08 13:30:00,414.75,417.75,413.5,417.75,47140
2025-07-08 14:00:00,416.5,416.5,413.25,415.0,27287
2025-07-08 14:30:00,417.0,417.5,415.25,416.5,22331
2025-07-08 15:00:00,417.75,418.5,416.25,417.0,24882
2025-07-08 15:30:00,415.75,417.75,415.75,417.75,18089
2025-07-08 16:00:00,415.75,416.5,415.75,415.75,8511
2025-07-08 16:30:00,416.75,416.75,414.75,415.75,8277
2025-07-08 17:00:00,416.0,416.75,415.25,416.5,5911
2025-07-08 17:30:00,414.5,415.75,414.25,415.75,9919
2025-07-08 18:00:00,415.0,415.0,414.0,414.25,17818
2025-07-09 00:00:00,415.25,416.5,414.0,414.0,804
2025-07-09 00:30:00,416.25,416.5,415.5,415.5,1130
2025-07-09 01:00:00,415.5,416.0,415.25,416.0,486
2025-07-09 01:30:00,415.5,415.75,415.25,415.5,2005
2025-07-09 02:00:00,415.5,416.0,415.5,415.5,396
2025-07-09 02:30:00,415.5,415.75,415.5,415.75,396
2025-07-09 03:00:00,416.0,416.0,415.75,415.75,112
2025-07-09 03:30:00,416.0,416.25,415.75,415.75,6710
2025-07-09 04:00:00,415.5,416.0,415.5,416.0,241
2025-07-09 04:30:00,416.25,416.25,415.5,415.5,396
2025-07-09 05:00:00,415.75,416.25,415.75,416.0,99
2025-07-09 05:30:00,415.5,415.75,415.5,415.75,1414
2025-07-09 06:00:00,415.25,415.5,415.0,415.5,95
2025-07-09 06:30:00,415.25,415.5,415.25,415.25,1232
2025-07-09 07:00:00,414.75,415.75,414.25,415.5,1977
2025-07-09 07:30:00,414.75,415.0,414.25,415.0,2312
2025-07-09 08:00:00,414.75,415.5,414.5,414.75,1197
2025-07-09 08:30:00,416.0,416.0,414.75,414.75,700
2025-07-09 09:00:00,415.5,416.25,415.5,416.0,474
2025-07-09 09:30:00,416.0,416.25,415.5,415.5,1323
2025-07-09 10:00:00,414.75,416.25,414.5,416.25,949
2025-07-09 10:30:00,413.5,415.0,413.5,414.5,1149
2025-07-09 11:00:00,412.75,413.75,412.75,413.5,1619
2025-07-09 11:30:00,412.5,413.25,412.25,413.0,1842
2025-07-09 12:00:00,412.5,412.75,411.75,412.5,3391
2025-07-09 12:30:00,412.25,412.75,412.25,412.5,1805
2025-07-09 13:30:00,413.75,414.5,411.75,412.75,22970
2025-07-09 14:00:00,412.75,414.25,412.25,413.75,19469
2025-07-09 14:30:00,412.75,413.25,412.0,412.75,8580
2025-07-09 15:00:00,415.5,415.5,412.75,412.75,14383
2025-07-09 15:30:00,416.25,416.25,415.0,415.25,21437
2025-07-09 16:00:00,416.0,416.5,415.5,416.25,11271
2025-07-09 16:30:00,416.25,416.5,415.5,416.0,4142
2025-07-09 17:00:00,416.25,416.25,415.0,416.0,6679
2025-07-09 17:30:00,415.25,416.5,415.0,416.0,22980
2025-07-09 18:00:00,416.0,416.0,415.0,415.5,14394
2025-07-10 00:00:00,413.0,415.5,413.0,415.0,6045
2025-07-10 00:30:00,413.0,413.5,412.75,413.0,624
2025-07-10 01:00:00,413.75,413.75,412.5,413.0,1072
2025-07-10 01:30:00,413.25,414.0,413.25,413.75,175
2025-07-10 02:00:00,413.5,413.5,413.0,413.5,86
2025-07-10 02:30:00,413.5,413.75,413.0,413.0,84
2025-07-10 03:00:00,413.75,414.0,413.5,413.75,177
2025-07-10 03:30:00,413.75,413.75,413.5,413.5,7
2025-07-10 04:00:00,413.75,413.75,413.5,413.5,36
2025-07-10 04:30:00,413.5,414.0,413.5,413.75,156
2025-07-10 05:00:00,413.25,413.5,412.75,413.5,295
2025-07-10 05:30:00,413.5,413.5,413.25,413.25,54
2025-07-10 06:00:00,413.5,414.0,413.25,413.5,68
2025-07-10 06:30:00,413.5,413.75,413.25,413.5,434
2025-07-10 07:00:00,413.25,413.75,413.25,413.5,1051
2025-07-10 07:30:00,412.75,413.25,412.75,413.25,388
2025-07-10 08:00:00,412.75,413.25,412.75,412.75,211
2025-07-10 08:30:00,414.25,414.5,412.75,412.75,926
2025-07-10 09:00:00,414.25,414.75,413.75,414.5,788
2025-07-10 09:30:00,414.25,414.5,414.0,414.5,541
2025-07-10 10:00:00,415.5,415.5,414.0,414.25,1371
2025-07-10 10:30:00,415.5,415.75,415.25,415.5,409
2025-07-10 11:00:00,416.0,416.5,415.25,415.25,1200
2025-07-10 11:30:00,414.0,416.0,414.0,415.75,2553
2025-07-10 12:00:00,413.25,414.25,413.0,413.75,4201
2025-07-10 12:30:00,413.75,414.5,413.5,413.75,1557
2025-07-10 13:30:00,415.75,416.75,412.5,413.5,20975
2025-07-10 14:00:00,415.5,416.75,415.0,415.75,25757
2025-07-10 14:30:00,415.25,417.0,415.0,415.5,12899
2025-07-10 15:00:00,415.25,416.0,415.0,415.5,7083
2025-07-10 15:30:00,414.5,415.75,414.25,415.25,8579
2025-07-10 16:00:00,416.5,416.75,414.25,414.25,6194
2025-07-10 16:30:00,416.5,417.0,416.0,416.5,5956
2025-07-10 17:00:00,415.0,416.5,415.0,416.25,8580
2025-07-10 17:30:00,417.0,417.0,415.0,415.25,7121
2025-07-10 18:00:00,416.5,417.0,415.75,416.75,16588
2025-07-11 00:00:00,415.5,416.5,415.5,416.0,896
2025-07-11 00:30:00,414.25,415.75,414.0,415.75,970
2025-07-11 01:00:00,415.25,415.25,414.25,414.25,326
2025-07-11 01:30:00,416.0,416.25,415.5,415.5,610
2025-07-11 02:00:00,416.75,417.0,416.0,416.0,779
2025-07-11 02:30:00,416.5,417.25,416.5,416.75,408
2025-07-11 03:00:00,416.25,416.5,416.0,416.5,230
2025-07-11 03:30:00,416.25,416.5,416.25,416.5,2
2025-07-11 04:00:00,416.75,417.0,416.25,416.25,137
2025-07-11 04:30:00,416.75,416.75,416.5,416.75,35
2025-07-11 05:00:00,417.25,417.5,416.75,416.75,355
2025-07-11 05:30:00,416.5,417.5,416.0,417.25,741
2025-07-11 06:00:00,416.25,416.5,415.75,416.25,422
2025-07-11 06:30:00,415.0,416.25,415.0,416.25,895
2025-07-11 07:00:00,415.5,416.0,414.5,415.0,592
2025-07-11 07:30:00,415.25,415.75,415.0,415.5,298
2025-07-11 08:00:00,416.25,416.25,415.0,415.5,295
2025-07-11 08:30:00,414.75,416.0,414.5,416.0,663
2025-07-11 09:00:00,414.5,415.25,414.5,414.75,436
2025-07-11 09:30:00,415.25,415.5,414.75,415.25,331
2025-07-11 10:00:00,416.0,416.25,415.25,415.5,736
2025-07-11 10:30:00,415.5,416.5,415.5,416.25,1066
2025-07-11 11:00:00,415.75,415.75,415.0,415.5,571
2025-07-11 11:30:00,415.25,415.75,415.0,415.75,361
2025-07-11 12:00:00,414.5,415.25,414.25,415.25,5576
2025-07-11 12:30:00,414.25,415.25,414.0,414.5,731
2025-07-11 13:30:00,415.0,416.25,414.0,414.75,13346
2025-07-11 14:00:00,415.25,415.5,413.5,414.75,12948
2025-07-11 14:30:00,415.0,415.25,413.5,415.0,8463
2025-07-11 15:00:00,415.75,416.25,413.75,415.0,8477
2025-07-11 15:30:00,416.5,417.25,415.25,416.0,7560
2025-07-11 16:00:00,413.75,418.0,411.5,416.25,34209
2025-07-11 16:30:00,413.5,413.75,412.5,413.75,12736
2025-07-11 17:00:00,412.5,413.75,412.0,413.25,6650
2025-07-11 17:30:00,411.75,413.0,411.75,412.5,8936
2025-07-11 18:00:00,412.25,413.0,411.5,412.0,16756
